0,450,146,185,185,-69,1,100,0,0,0,0,0,0,0,0,0,0
1,422,132,204,204,-64,2,100,0,0,0,0,0,0,0,0,0,0
2,373,135,178,178,-44,7,100,0,0,0,0,0,0,0,0,0,0
3,330,122,189,189,-32,10,100,0,0,0,0,0,0,0,0,0,0
4,298,120,185,185,-22,12,100,0,0,0,0,0,0,0,0,0,0
5,263,116,190,190,-12,12,100,0,0,0,0,0,0,0,0,0,0
6,239,119,183,183,-3,12,100,0,0,0,0,0,0,0,0,0,0
7,213,119,187,187,4,12,100,0,0,0,0,0,0,0,0,0,0
8,191,123,181,181,12,11,100,0,0,0,0,0,0,0,0,0,0
9,185,127,180,180,14,10,100,0,0,0,0,0,0,0,0,0,0
10,187,128,179,179,14,10,100,0,0,0,0,0,0,0,0,0,0
11,188,126,184,184,12,9,100,0,0,0,0,0,0,0,0,0,0
12,198,126,184,184,9,9,100,0,0,0,0,0,0,0,0,0,0
13,219,128,179,179,4,10,100,0,0,0,0,0,0,0,0,0,0
14,243,130,182,182,-4,8,100,0,0,0,0,0,0,0,0,0,0
15,272,129,183,183,-13,8,100,0,0,0,0,0,0,0,0,0,0
16,339,136,164,164,-32,9,100,0,0,0,0,0,0,0,0,0,0
17,457,155,175,175,-70,-1,100,0,0,0,0,0,0,0,0,0,0
18,434,147,192,192,-66,-1,100,0,0,0,0,0,0,0,0,0,0
19,382,138,170,170,-46,7,100,0,0,0,0,0,0,0,0,0,0
20,359,129,187,187,-41,8,100,0,0,0,0,0,0,0,0,0,0
21,343,132,178,178,-35,8,100,0,0,0,0,0,0,0,0,0,0
22,311,128,183,183,-26,9,100,0,0,0,0,0,0,0,0,0,0
23,300,129,180,180,-22,9,100,0,0,0,0,0,0,0,0,0,0
24,294,130,178,178,-20,9,100,0,0,0,0,0,0,0,0,0,0
0,326,147,183,183,-30,1,100,0,0,0,0,0,0,0,0,0,0
1,311,142,189,189,-27,2,100,0,0,0,0,0,0,0,0,0,0
2,308,142,191,191,-26,1,100,0,0,0,0,0,0,0,0,0,0
3,298,142,196,196,-24,0,100,0,0,0,0,0,0,0,0,0,0
4,297,142,192,192,-23,1,100,0,0,0,0,0,0,0,0,0,0
5,295,139,197,197,-23,1,100,0,0,0,0,0,0,0,0,0,0
6,300,147,182,182,-22,1,100,0,0,0,0,0,0,0,0,0,0
7,298,144,184,184,-22,2,100,0,0,0,0,0,0,0,0,0,0
8,291,140,192,192,-21,2,100,0,0,0,0,0,0,0,0,0,0
9,300,143,183,183,-22,2,100,0,0,0,0,0,0,0,0,0,0
10,300,143,183,183,-22,2,100,0,0,0,0,0,0,0,0,0,0
11,300,142,185,185,-22,2,100,0,0,0,0,0,0,0,0,0,0
12,293,142,192,192,-22,1,100,0,0,0,0,0,0,0,0,0,0
13,296,145,187,187,-22,1,100,0,0,0,0,0,0,0,0,0,0
14,294,147,188,188,-21,0,100,0,0,0,0,0,0,0,0,0,0
15,291,140,199,199,-22,0,100,0,0,0,0,0,0,0,0,0,0
16,287,140,198,198,-21,0,100,0,0,0,0,0,0,0,0,0,0
17,286,141,193,193,-19,1,100,0,0,0,0,0,0,0,0,0,0
18,275,142,189,189,-15,2,100,0,0,0,0,0,0,0,0,0,0
19,269,137,187,187,-13,4,100,0,0,0,0,0,0,0,0,0,0
20,263,135,189,189,-12,5,100,0,0,0,0,0,0,0,0,0,0
21,258,133,190,190,-10,5,100,0,0,0,0,0,0,0,0,0,0
22,252,135,188,188,-8,5,100,0,0,0,0,0,0,0,0,0,0
23,256,140,176,176,-8,5,100,0,0,0,0,0,0,0,0,0,0
24,253,134,187,187,-8,5,100,0,0,0,0,0,0,0,0,0,0
25,250,132,190,190,-8,5,100,0,0,0,0,0,0,0,0,0,0
26,254,134,190,190,-9,5,100,0,0,0,0,0,0,0,0,0,0
27,256,136,184,184,-9,5,100,0,0,0,0,0,0,0,0,0,0
28,260,138,183,183,-10,5,100,0,0,0,0,0,0,0,0,0,0
29,255,136,191,191,-9,4,100,0,0,0,0,0,0,0,0,0,0
30,261,138,181,181,-10,5,100,0,0,0,0,0,0,0,0,0,0
31,264,141,180,180,-11,4,100,0,0,0,0,0,0,0,0,0,0
32,263,137,185,185,-11,5,100,0,0,0,0,0,0,0,0,0,0
33,261,135,191,191,-11,4,100,0,0,0,0,0,0,0,0,0,0
34,265,138,186,186,-12,4,100,0,0,0,0,0,0,0,0,0,0
35,266,136,190,190,-13,4,100,0,0,0,0,0,0,0,0,0,0
36,272,140,181,181,-13,4,100,0,0,0,0,0,0,0,0,0,0
37,268,139,191,191,-13,2,100,0,0,0,0,0,0,0,0,0,0
38,267,134,196,196,-14,3,100,0,0,0,0,0,0,0,0,0,0
39,267,136,194,194,-14,3,100,0,0,0,0,0,0,0,0,0,0
40,262,130,203,203,-13,4,100,0,0,0,0,0,0,0,0,0,0
41,266,136,189,189,-12,4,100,0,0,0,0,0,0,0,0,0,0
42,271,141,180,180,-13,4,100,0,0,0,0,0,0,0,0,0,0
43,264,137,188,188,-12,4,100,0,0,0,0,0,0,0,0,0,0
44,265,134,192,192,-13,4,100,0,0,0,0,0,0,0,0,0,0
45,265,135,191,191,-12,4,100,0,0,0,0,0,0,0,0,0,0
46,262,133,197,197,-12,4,100,0,0,0,0,0,0,0,0,0,0
47,265,137,197,197,-13,2,100,0,0,0,0,0,0,0,0,0,0
48,265,134,202,202,-14,2,100,0,0,0,0,0,0,0,0,0,0
49,266,133,204,204,-15,2,100,0,0,0,0,0,0,0,0,0,0
50,267,135,202,202,-15,2,100,0,0,0,0,0,0,0,0,0,0
51,265,134,198,198,-14,3,100,0,0,0,0,0,0,0,0,0,0
52,266,136,196,196,-14,2,100,0,0,0,0,0,0,0,0,0,0
53,267,137,190,190,-13,3,100,0,0,0,0,0,0,0,0,0,0
54,267,142,185,185,-12,2,100,0,0,0,0,0,0,0,0,0,0
55,266,139,187,187,-12,3,100,0,0,0,0,0,0,0,0,0,0
56,264,142,186,186,-12,2,100,0,0,0,0,0,0,0,0,0,0
57,261,140,187,187,-11,3,100,0,0,0,0,0,0,0,0,0,0
58,261,141,186,186,-11,2,100,0,0,0,0,0,0,0,0,0,0
59,257,138,193,193,-10,2,100,0,0,0,0,0,0,0,0,0,0
60,262,140,188,188,-11,2,100,0,0,0,0,0,0,0,0,0,0
61,261,137,192,192,-12,3,100,0,0,0,0,0,0,0,0,0,0
62,268,142,186,186,-13,2,100,0,0,0,0,0,0,0,0,0,0
63,268,142,183,183,-12,3,100,0,0,0,0,0,0,0,0,0,0
64,270,139,187,187,-13,3,100,0,0,0,0,0,0,0,0,0,0
65,283,140,188,188,-18,2,100,0,0,0,0,0,0,0,0,0,0
66,285,136,199,199,-20,2,100,0,0,0,0,0,0,0,0,0,0
67,298,137,199,199,-24,2,100,0,0,0,0,0,0,0,0,0,0
68,313,142,190,190,-28,1,100,0,0,0,0,0,0,0,0,0,0
69,331,138,195,195,-34,2,100,0,0,0,0,0,0,0,0,0,0
70,336,136,197,197,-36,2,100,0,0,0,0,0,0,0,0,0,0
71,343,139,194,194,-38,2,100,0,0,0,0,0,0,0,0,0,0
72,349,141,189,189,-38,2,100,0,0,0,0,0,0,0,0,0,0
73,351,140,192,192,-40,2,100,0,0,0,0,0,0,0,0,0,0
74,352,144,184,184,-39,2,100,0,0,0,0,0,0,0,0,0,0
75,351,140,188,188,-39,2,100,0,0,0,0,0,0,0,0,0,0
76,348,142,183,183,-37,3,100,0,0,0,0,0,0,0,0,0,0
77,341,140,188,188,-36,2,100,0,0,0,0,0,0,0,0,0,0
78,329,135,190,190,-32,4,100,0,0,0,0,0,0,0,0,0,0
79,324,134,187,187,-30,5,100,0,0,0,0,0,0,0,0,0,0
80,321,139,181,181,-28,5,100,0,0,0,0,0,0,0,0,0,0
81,314,139,181,181,-26,5,100,0,0,0,0,0,0,0,0,0,0
82,312,141,177,177,-25,5,100,0,0,0,0,0,0,0,0,0,0
83,303,137,185,185,-23,5,100,0,0,0,0,0,0,0,0,0,0
84,302,135,188,188,-24,5,100,0,0,0,0,0,0,0,0,0,0
85,302,138,186,186,-23,4,100,0,0,0,0,0,0,0,0,0,0
86,304,137,183,183,-23,5,100,0,0,0,0,0,0,0,0,0,0
87,305,139,181,181,-23,5,100,0,0,0,0,0,0,0,0,0,0
88,304,140,181,181,-23,4,100,0,0,0,0,0,0,0,0,0,0
89,302,136,187,187,-23,5,100,0,0,0,0,0,0,0,0,0,0
90,303,136,186,186,-24,5,100,0,0,0,0,0,0,0,0,0,0
91,302,136,186,186,-23,5,100,0,0,0,0,0,0,0,0,0,0
92,305,141,177,177,-23,5,100,0,0,0,0,0,0,0,0,0,0
93,302,137,183,183,-23,5,100,0,0,0,0,0,0,0,0,0,0
94,307,144,174,174,-23,4,100,0,0,0,0,0,0,0,0,0,0
95,305,142,176,176,-23,4,100,0,0,0,0,0,0,0,0,0,0
96,304,141,176,176,-22,5,100,0,0,0,0,0,0,0,0,0,0
97,301,141,179,179,-22,4,100,0,0,0,0,0,0,0,0,0,0
98,300,142,175,175,-21,5,100,0,0,0,0,0,0,0,0,0,0
99,299,141,173,173,-20,5,100,0,0,0,0,0,0,0,0,0,0
100,299,143,170,170,-20,5,100,0,0,0,0,0,0,0,0,0,0
101,295,139,171,171,-19,7,100,0,0,0,0,0,0,0,0,0,0
102,295,141,169,169,-18,6,100,0,0,0,0,0,0,0,0,0,0
103,290,140,168,168,-17,7,100,0,0,0,0,0,0,0,0,0,0
104,288,138,166,166,-16,8,100,0,0,0,0,0,0,0,0,0,0
105,289,141,159,159,-15,8,-99,0,0,0,0,0,0,0,0,0,0
106,282,138,165,165,-14,8,100,0,0,0,0,0,0,0,0,0,0
107,283,140,155,155,-12,10,-94,0,0,0,0,0,0,0,0,0,0
108,287,420,58,58,1,-87,28,0,0,0,0,0,0,0,0,0,0
109,283,140,154,154,-12,10,-92,0,0,0,0,0,0,0,0,0,0
110,282,142,152,152,-12,9,-90,0,0,0,0,0,0,0,0,0,0
111,282,141,152,152,-12,10,-90,0,0,0,0,0,0,0,0,0,0
112,280,140,153,153,-11,10,-91,0,0,0,0,0,0,0,0,0,0
113,23,222,53,53,85,-3,34,0,0,0,0,0,0,0,0,0,0
114,279,141,153,153,-11,10,-91,0,0,0,0,0,0,0,0,0,0
115,280,142,154,154,-12,9,-92,0,0,0,0,0,0,0,0,0,0
116,281,140,154,154,-12,10,-92,0,0,0,0,0,0,0,0,0,0
117,279,140,156,156,-12,9,-95,0,0,0,0,0,0,0,0,0,0
118,275,139,162,162,-11,8,100,0,0,0,0,0,0,0,0,0,0
119,278,143,154,154,-11,8,-92,0,0,0,0,0,0,0,0,0,0
120,283,146,150,150,-12,8,-88,0,0,0,0,0,0,0,0,0,0
121,280,143,159,159,-12,8,-99,0,0,0,0,0,0,0,0,0,0
122,284,146,156,156,-13,7,-95,0,0,0,0,0,0,0,0,0,0
123,289,143,161,161,-15,7,100,0,0,0,0,0,0,0,0,0,0
124,294,142,161,161,-17,8,100,0,0,0,0,0,0,0,0,0,0
125,298,142,160,160,-18,8,100,0,0,0,0,0,0,0,0,0,0
126,308,146,156,156,-21,7,-95,0,0,0,0,0,0,0,0,0,0
127,314,144,159,159,-23,7,-99,0,0,0,0,0,0,0,0,0,0
128,320,146,156,156,-24,7,-95,0,0,0,0,0,0,0,0,0,0
129,323,145,155,155,-25,8,-94,0,0,0,0,0,0,0,0,0,0
130,327,146,155,155,-26,7,-94,0,0,0,0,0,0,0,0,0,0
131,332,149,152,152,-28,6,-90,0,0,0,0,0,0,0,0,0,0
132,333,148,154,154,-28,6,-92,0,0,0,0,0,0,0,0,0,0
133,330,146,157,157,-28,7,-96,0,0,0,0,0,0,0,0,0,0
134,331,146,157,157,-28,7,-96,0,0,0,0,0,0,0,0,0,0
135,332,150,152,152,-28,6,-90,0,0,0,0,0,0,0,0,0,0
136,327,148,155,155,-26,6,-94,0,0,0,0,0,0,0,0,0,0
137,325,146,155,155,-26,7,-94,0,0,0,0,0,0,0,0,0,0
138,328,149,151,151,-26,7,-89,0,0,0,0,0,0,0,0,0,0
139,325,146,156,156,-26,7,-95,0,0,0,0,0,0,0,0,0,0
140,327,148,153,153,-26,7,-91,0,0,0,0,0,0,0,0,0,0
141,330,147,154,154,-27,7,-92,0,0,0,0,0,0,0,0,0,0
142,330,146,158,158,-28,6,-98,0,0,0,0,0,0,0,0,0,0
143,332,147,156,156,-28,6,-95,0,0,0,0,0,0,0,0,0,0
144,336,148,156,156,-29,6,-95,0,0,0,0,0,0,0,0,0,0
145,340,148,160,160,-31,5,100,0,0,0,0,0,0,0,0,0,0
146,349,148,156,156,-33,6,-95,0,0,0,0,0,0,0,0,0,0
147,349,147,158,158,-34,6,-98,0,0,0,0,0,0,0,0,0,0
148,354,150,154,154,-35,5,-92,0,0,0,0,0,0,0,0,0,0
149,356,150,153,153,-35,6,-91,0,0,0,0,0,0,0,0,0,0
150,354,150,155,155,-35,5,-94,0,0,0,0,0,0,0,0,0,0
151,349,147,157,157,-33,6,-96,0,0,0,0,0,0,0,0,0,0
152,348,148,158,158,-33,5,-98,0,0,0,0,0,0,0,0,0,0
153,18,217,56,56,86,-2,30,0,0,0,0,0,0,0,0,0,0
154,349,149,156,156,-33,5,-95,0,0,0,0,0,0,0,0,0,0
155,343,148,155,155,-31,6,-94,0,0,0,0,0,0,0,0,0,0
156,337,146,158,158,-30,6,-98,0,0,0,0,0,0,0,0,0,0
157,336,146,157,157,-29,7,-96,0,0,0,0,0,0,0,0,0,0
158,333,145,157,157,-28,7,-96,0,0,0,0,0,0,0,0,0,0
159,333,148,155,155,-28,6,-94,0,0,0,0,0,0,0,0,0,0
160,331,147,159,159,-28,6,-99,0,0,0,0,0,0,0,0,0,0
161,332,146,156,156,-28,7,-95,0,0,0,0,0,0,0,0,0,0
162,331,146,156,156,-28,7,-95,0,0,0,0,0,0,0,0,0,0
163,330,146,157,157,-28,7,-96,0,0,0,0,0,0,0,0,0,0
164,333,147,152,152,-28,7,-90,0,0,0,0,0,0,0,0,0,0
165,332,147,153,153,-28,7,-91,0,0,0,0,0,0,0,0,0,0
166,330,147,155,155,-27,7,-94,0,0,0,0,0,0,0,0,0,0
167,328,145,158,158,-27,7,-98,0,0,0,0,0,0,0,0,0,0
168,333,147,153,153,-28,7,-91,0,0,0,0,0,0,0,0,0,0
169,332,147,155,155,-28,7,-94,0,0,0,0,0,0,0,0,0,0
170,332,146,155,155,-28,7,-94,0,0,0,0,0,0,0,0,0,0
171,326,143,161,161,-27,7,100,0,0,0,0,0,0,0,0,0,0
172,332,148,154,154,-28,6,-92,0,0,0,0,0,0,0,0,0,0
173,330,146,158,158,-28,6,-98,0,0,0,0,0,0,0,0,0,0
174,333,149,151,151,-28,7,-89,0,0,0,0,0,0,0,0,0,0
175,330,149,155,155,-27,6,-94,0,0,0,0,0,0,0,0,0,0
176,332,151,152,152,-28,5,-90,0,0,0,0,0,0,0,0,0,0
177,331,152,152,152,-27,5,-90,0,0,0,0,0,0,0,0,0,0
178,329,153,150,150,-26,5,-88,0,0,0,0,0,0,0,0,0,0
179,328,152,150,150,-26,5,-88,0,0,0,0,0,0,0,0,0,0
180,325,148,154,154,-26,6,-92,0,0,0,0,0,0,0,0,0,0
181,327,147,153,153,-26,7,-91,0,0,0,0,0,0,0,0,0,0
182,321,144,161,161,-25,7,100,0,0,0,0,0,0,0,0,0,0
183,325,145,157,157,-26,7,-96,0,0,0,0,0,0,0,0,0,0
184,325,148,153,153,-25,7,-91,0,0,0,0,0,0,0,0,0,0
185,323,145,158,158,-26,7,-98,0,0,0,0,0,0,0,0,0,0
186,320,143,162,162,-25,7,100,0,0,0,0,0,0,0,0,0,0
187,322,146,158,158,-25,6,-98,0,0,0,0,0,0,0,0,0,0
188,322,145,158,158,-25,7,-98,0,0,0,0,0,0,0,0,0,0
189,324,147,154,154,-25,7,-92,0,0,0,0,0,0,0,0,0,0
190,322,142,162,162,-26,7,100,0,0,0,0,0,0,0,0,0,0
191,319,144,158,158,-24,7,-98,0,0,0,0,0,0,0,0,0,0
192,320,147,156,156,-24,6,-95,0,0,0,0,0,0,0,0,0,0
193,320,145,158,158,-25,7,-98,0,0,0,0,0,0,0,0,0,0
194,323,146,155,155,-25,7,-94,0,0,0,0,0,0,0,0,0,0
195,325,149,153,153,-25,6,-91,0,0,0,0,0,0,0,0,0,0
196,324,149,157,157,-26,5,-96,0,0,0,0,0,0,0,0,0,0
197,323,148,156,156,-25,6,-95,0,0,0,0,0,0,0,0,0,0
198,325,149,151,151,-25,7,-89,0,0,0,0,0,0,0,0,0,0
199,323,147,157,157,-25,6,-96,0,0,0,0,0,0,0,0,0,0
200,322,151,153,153,-24,5,-91,0,0,0,0,0,0,0,0,0,0
201,324,150,150,150,-25,6,-88,0,0,0,0,0,0,0,0,0,0
202,322,149,154,154,-25,6,-92,0,0,0,0,0,0,0,0,0,0
203,323,152,151,151,-24,5,-89,0,0,0,0,0,0,0,0,0,0
204,322,151,152,152,-24,5,-90,0,0,0,0,0,0,0,0,0,0
205,322,152,152,152,-24,5,-90,0,0,0,0,0,0,0,0,0,0
206,318,147,160,160,-24,5,100,0,0,0,0,0,0,0,0,0,0
207,320,149,154,154,-24,6,-92,0,0,0,0,0,0,0,0,0,0
208,321,151,154,154,-24,5,-92,0,0,0,0,0,0,0,0,0,0
209,321,150,154,154,-24,5,-92,0,0,0,0,0,0,0,0,0,0
210,322,150,152,152,-24,6,-90,0,0,0,0,0,0,0,0,0,0
211,318,146,160,160,-24,6,100,0,0,0,0,0,0,0,0,0,0
212,323,151,153,153,-25,5,-91,0,0,0,0,0,0,0,0,0,0
213,321,148,157,157,-25,6,-96,0,0,0,0,0,0,0,0,0,0
214,322,149,154,154,-25,6,-92,0,0,0,0,0,0,0,0,0,0
215,321,146,158,158,-25,6,-98,0,0,0,0,0,0,0,0,0,0
216,323,146,155,155,-25,7,-94,0,0,0,0,0,0,0,0,0,0
217,321,148,156,156,-25,6,-95,0,0,0,0,0,0,0,0,0,0
218,324,150,154,154,-25,5,-92,0,0,0,0,0,0,0,0,0,0
219,325,150,152,152,-25,6,-90,0,0,0,0,0,0,0,0,0,0
220,324,149,153,153,-25,6,-91,0,0,0,0,0,0,0,0,0,0
221,324,148,155,155,-25,6,-94,0,0,0,0,0,0,0,0,0,0
222,322,146,157,157,-25,7,-96,0,0,0,0,0,0,0,0,0,0
223,324,149,153,153,-25,6,-91,0,0,0,0,0,0,0,0,0,0
224,326,151,149,149,-25,6,-86,0,0,0,0,0,0,0,0,0,0
225,324,150,152,152,-25,6,-90,0,0,0,0,0,0,0,0,0,0
226,323,147,157,157,-25,6,-96,0,0,0,0,0,0,0,0,0,0
227,324,149,155,155,-25,6,-94,0,0,0,0,0,0,0,0,0,0
228,322,148,157,157,-25,6,-96,0,0,0,0,0,0,0,0,0,0
229,326,151,152,152,-26,5,-90,0,0,0,0,0,0,0,0,0,0
230,322,148,157,157,-25,6,-96,0,0,0,0,0,0,0,0,0,0
231,322,149,158,158,-25,5,-98,0,0,0,0,0,0,0,0,0,0
232,322,148,159,159,-25,5,-99,0,0,0,0,0,0,0,0,0,0
233,323,150,156,156,-25,5,-95,0,0,0,0,0,0,0,0,0,0
234,322,148,159,159,-25,5,-99,0,0,0,0,0,0,0,0,0,0
235,323,148,159,159,-26,5,-99,0,0,0,0,0,0,0,0,0,0
236,326,150,153,153,-26,6,-91,0,0,0,0,0,0,0,0,0,0
237,325,150,155,155,-26,5,-94,0,0,0,0,0,0,0,0,0,0
238,326,151,153,153,-26,5,-91,0,0,0,0,0,0,0,0,0,0
239,327,152,151,151,-26,5,-89,0,0,0,0,0,0,0,0,0,0
240,326,149,155,155,-26,6,-94,0,0,0,0,0,0,0,0,0,0
241,326,152,152,152,-26,5,-90,0,0,0,0,0,0,0,0,0,0
242,327,150,155,155,-26,5,-94,0,0,0,0,0,0,0,0,0,0
243,324,147,159,159,-26,6,-99,0,0,0,0,0,0,0,0,0,0
244,325,150,155,155,-26,5,-94,0,0,0,0,0,0,0,0,0,0
245,328,152,152,152,-26,5,-90,0,0,0,0,0,0,0,0,0,0
246,324,150,156,156,-26,5,-95,0,0,0,0,0,0,0,0,0,0
247,326,150,155,155,-26,5,-94,0,0,0,0,0,0,0,0,0,0
248,322,148,159,159,-25,5,-99,0,0,0,0,0,0,0,0,0,0
249,326,150,154,154,-26,5,-92,0,0,0,0,0,0,0,0,0,0
250,327,152,152,152,-26,5,-90,0,0,0,0,0,0,0,0,0,0
251,325,150,155,155,-26,5,-94,0,0,0,0,0,0,0,0,0,0
252,328,153,150,150,-26,5,-88,0,0,0,0,0,0,0,0,0,0
253,329,154,148,148,-26,5,-85,0,0,0,0,0,0,0,0,0,0
254,340,423,47,47,-13,-86,41,0,0,0,0,0,0,0,0,0,0
255,24,218,57,57,84,-2,29,0,0,0,0,0,0,0,0,0,0
256,329,154,149,149,-26,5,-86,0,0,0,0,0,0,0,0,0,0
257,327,151,153,153,-26,5,-91,0,0,0,0,0,0,0,0,0,0
258,326,151,155,155,-26,5,-94,0,0,0,0,0,0,0,0,0,0
259,328,154,148,148,-26,5,-85,0,0,0,0,0,0,0,0,0,0
260,328,150,151,151,-26,6,-89,0,0,0,0,0,0,0,0,0,0
261,324,148,156,156,-26,6,-95,0,0,0,0,0,0,0,0,0,0
262,327,151,151,151,-26,6,-89,0,0,0,0,0,0,0,0,0,0
263,325,151,153,153,-25,5,-91,0,0,0,0,0,0,0,0,0,0
264,326,151,151,151,-25,6,-89,0,0,0,0,0,0,0,0,0,0
265,324,148,155,155,-25,6,-94,0,0,0,0,0,0,0,0,0,0
266,326,150,153,153,-26,6,-91,0,0,0,0,0,0,0,0,0,0
267,324,148,156,156,-26,6,-95,0,0,0,0,0,0,0,0,0,0
268,326,150,152,152,-26,6,-90,0,0,0,0,0,0,0,0,0,0
269,328,152,149,149,-26,6,-86,0,0,0,0,0,0,0,0,0,0
270,328,150,149,149,-26,7,-86,0,0,0,0,0,0,0,0,0,0
271,327,151,150,150,-26,6,-88,0,0,0,0,0,0,0,0,0,0
272,323,148,158,158,-26,5,-98,0,0,0,0,0,0,0,0,0,0
273,322,148,157,157,-25,6,-96,0,0,0,0,0,0,0,0,0,0
274,324,149,155,155,-25,6,-94,0,0,0,0,0,0,0,0,0,0
275,324,150,157,157,-26,5,-96,0,0,0,0,0,0,0,0,0,0
276,321,149,158,158,-25,5,-98,0,0,0,0,0,0,0,0,0,0
277,320,148,161,161,-25,5,100,0,0,0,0,0,0,0,0,0,0
278,319,148,161,161,-25,5,100,0,0,0,0,0,0,0,0,0,0
279,319,148,158,158,-24,5,-98,0,0,0,0,0,0,0,0,0,0
280,321,151,154,154,-24,5,-92,0,0,0,0,0,0,0,0,0,0
281,317,149,158,158,-24,5,-98,0,0,0,0,0,0,0,0,0,0
282,319,149,156,156,-24,5,-95,0,0,0,0,0,0,0,0,0,0
283,318,149,157,157,-24,5,-96,0,0,0,0,0,0,0,0,0,0
284,320,148,156,156,-24,6,-95,0,0,0,0,0,0,0,0,0,0
285,329,150,153,153,-27,6,-91,0,0,0,0,0,0,0,0,0,0
286,336,150,153,153,-29,6,-91,0,0,0,0,0,0,0,0,0,0
287,340,150,153,153,-30,6,-91,0,0,0,0,0,0,0,0,0,0
288,349,151,149,149,-32,6,-86,0,0,0,0,0,0,0,0,0,0
289,350,153,152,152,-33,5,-90,0,0,0,0,0,0,0,0,0,0
290,359,154,145,145,-35,6,-81,0,0,0,0,0,0,0,0,0,0
291,357,153,153,153,-35,5,-91,0,0,0,0,0,0,0,0,0,0
292,356,151,158,158,-36,4,-98,0,0,0,0,0,0,0,0,0,0
293,361,156,147,147,-36,5,-84,0,0,0,0,0,0,0,0,0,0
294,362,155,150,150,-37,4,-88,0,0,0,0,0,0,0,0,0,0
295,364,159,144,144,-36,4,-80,0,0,0,0,0,0,0,0,0,0
296,360,157,150,150,-36,3,-88,0,0,0,0,0,0,0,0,0,0
297,371,167,133,133,-37,3,-66,0,0,0,0,0,0,0,0,0,0
298,362,158,150,150,-37,3,-88,0,0,0,0,0,0,0,0,0,0
299,339,169,160,160,-31,-4,100,0,0,0,0,0,0,0,0,0,0
300,334,171,165,165,-30,-5,100,0,0,0,0,0,0,0,0,0,0
301,327,171,165,165,-28,-5,100,0,0,0,0,0,0,0,0,0,0
302,327,172,166,166,-28,-6,100,0,0,0,0,0,0,0,0,0,0
303,330,173,165,165,-29,-6,100,0,0,0,0,0,0,0,0,0,0
304,341,177,159,159,-31,-7,-99,0,0,0,0,0,0,0,0,0,0
305,347,171,168,168,-35,-6,100,0,0,0,0,0,0,0,0,0,0
0,294,176,170,170,-18,-9,100,0,0,0,0,0,0,0,0,0,0
1,307,176,162,162,-21,-7,100,0,0,0,0,0,0,0,0,0,0
2,303,172,173,173,-22,-8,100,0,0,0,0,0,0,0,0,0,0
3,302,174,171,171,-21,-8,100,0,0,0,0,0,0,0,0,0,0
4,295,171,178,178,-20,-8,100,0,0,0,0,0,0,0,0,0,0
5,296,170,176,176,-20,-8,100,0,0,0,0,0,0,0,0,0,0
6,295,171,179,179,-20,-8,100,0,0,0,0,0,0,0,0,0,0
7,300,171,174,174,-21,-8,100,0,0,0,0,0,0,0,0,0,0
8,299,168,176,176,-21,-7,100,0,0,0,0,0,0,0,0,0,0
9,297,166,180,180,-21,-7,100,0,0,0,0,0,0,0,0,0,0
10,295,162,187,187,-21,-6,100,0,0,0,0,0,0,0,0,0,0
11,298,167,179,179,-21,-7,100,0,0,0,0,0,0,0,0,0,0
12,296,162,185,185,-21,-6,100,0,0,0,0,0,0,0,0,0,0
13,298,166,179,179,-21,-6,100,0,0,0,0,0,0,0,0,0,0
14,300,165,179,179,-22,-6,100,0,0,0,0,0,0,0,0,0,0
15,298,164,182,182,-22,-6,100,0,0,0,0,0,0,0,0,0,0
16,302,166,178,178,-22,-6,100,0,0,0,0,0,0,0,0,0,0
17,298,163,183,183,-22,-6,100,0,0,0,0,0,0,0,0,0,0
18,305,167,174,174,-22,-6,100,0,0,0,0,0,0,0,0,0,0
19,300,163,180,180,-22,-5,100,0,0,0,0,0,0,0,0,0,0
20,300,165,179,179,-22,-6,100,0,0,0,0,0,0,0,0,0,0
21,301,167,176,176,-22,-6,100,0,0,0,0,0,0,0,0,0,0
22,298,164,183,183,-22,-6,100,0,0,0,0,0,0,0,0,0,0
23,294,163,185,185,-21,-6,100,0,0,0,0,0,0,0,0,0,0
24,295,163,187,187,-21,-7,100,0,0,0,0,0,0,0,0,0,0
25,297,165,182,182,-21,-7,100,0,0,0,0,0,0,0,0,0,0
26,298,165,180,180,-21,-6,100,0,0,0,0,0,0,0,0,0,0
27,294,164,188,188,-21,-8,100,0,0,0,0,0,0,0,0,0,0
28,298,165,180,180,-21,-6,100,0,0,0,0,0,0,0,0,0,0
29,299,166,181,181,-22,-7,100,0,0,0,0,0,0,0,0,0,0
30,299,167,181,181,-22,-7,100,0,0,0,0,0,0,0,0,0,0
31,298,166,182,182,-22,-7,100,0,0,0,0,0,0,0,0,0,0
32,299,167,182,182,-22,-8,100,0,0,0,0,0,0,0,0,0,0
33,302,169,177,177,-22,-7,100,0,0,0,0,0,0,0,0,0,0
34,299,169,180,180,-22,-8,100,0,0,0,0,0,0,0,0,0,0
35,299,167,181,181,-22,-7,100,0,0,0,0,0,0,0,0,0,0
36,299,167,179,179,-21,-7,100,0,0,0,0,0,0,0,0,0,0
37,293,163,191,191,-21,-8,100,0,0,0,0,0,0,0,0,0,0
38,295,164,187,187,-21,-7,100,0,0,0,0,0,0,0,0,0,0
39,298,166,183,183,-22,-7,100,0,0,0,0,0,0,0,0,0,0
40,295,165,186,186,-21,-8,100,0,0,0,0,0,0,0,0,0,0
41,299,167,181,181,-22,-7,100,0,0,0,0,0,0,0,0,0,0
42,296,166,184,184,-21,-8,100,0,0,0,0,0,0,0,0,0,0
43,294,165,186,186,-21,-8,100,0,0,0,0,0,0,0,0,0,0
44,294,165,187,187,-21,-8,100,0,0,0,0,0,0,0,0,0,0
45,295,165,182,182,-21,-7,100,0,0,0,0,0,0,0,0,0,0
46,295,166,181,181,-20,-7,100,0,0,0,0,0,0,0,0,0,0
47,291,165,185,185,-20,-7,100,0,0,0,0,0,0,0,0,0,0
48,286,162,190,190,-19,-7,100,0,0,0,0,0,0,0,0,0,0
49,287,164,184,184,-18,-7,100,0,0,0,0,0,0,0,0,0,0
50,286,166,183,183,-18,-7,100,0,0,0,0,0,0,0,0,0,0
51,283,164,184,184,-17,-7,100,0,0,0,0,0,0,0,0,0,0
52,282,164,185,185,-17,-7,100,0,0,0,0,0,0,0,0,0,0
53,279,162,188,188,-17,-7,100,0,0,0,0,0,0,0,0,0,0
54,278,161,188,188,-16,-6,100,0,0,0,0,0,0,0,0,0,0
55,280,163,187,187,-17,-7,100,0,0,0,0,0,0,0,0,0,0
56,278,163,190,190,-17,-8,100,0,0,0,0,0,0,0,0,0,0
57,282,165,181,181,-16,-6,100,0,0,0,0,0,0,0,0,0,0
58,281,165,183,183,-16,-7,100,0,0,0,0,0,0,0,0,0,0
59,281,163,184,184,-17,-6,100,0,0,0,0,0,0,0,0,0,0
60,284,167,179,179,-17,-7,100,0,0,0,0,0,0,0,0,0,0
61,282,164,184,184,-17,-7,100,0,0,0,0,0,0,0,0,0,0
62,280,164,186,186,-17,-7,100,0,0,0,0,0,0,0,0,0,0
63,282,165,184,184,-17,-7,100,0,0,0,0,0,0,0,0,0,0
64,280,162,185,185,-16,-6,100,0,0,0,0,0,0,0,0,0,0
65,282,166,183,183,-17,-7,100,0,0,0,0,0,0,0,0,0,0
66,280,164,184,184,-16,-7,100,0,0,0,0,0,0,0,0,0,0
67,280,162,186,186,-17,-6,100,0,0,0,0,0,0,0,0,0,0
68,280,162,187,187,-17,-6,100,0,0,0,0,0,0,0,0,0,0
69,281,163,183,183,-16,-6,100,0,0,0,0,0,0,0,0,0,0
70,14,219,62,62,86,-4,22,0,0,0,0,0,0,0,0,0,0
71,281,162,184,184,-17,-6,100,0,0,0,0,0,0,0,0,0,0
72,280,160,186,186,-17,-5,100,0,0,0,0,0,0,0,0,0,0
73,281,160,185,185,-17,-5,100,0,0,0,0,0,0,0,0,0,0
74,284,161,181,181,-17,-5,100,0,0,0,0,0,0,0,0,0,0
75,286,158,180,180,-18,-3,100,0,0,0,0,0,0,0,0,0,0
76,289,162,176,176,-18,-4,100,0,0,0,0,0,0,0,0,0,0
77,284,155,186,186,-18,-3,100,0,0,0,0,0,0,0,0,0,0
78,286,154,183,183,-18,-2,100,0,0,0,0,0,0,0,0,0,0
79,288,156,179,179,-18,-2,100,0,0,0,0,0,0,0,0,0,0
80,293,157,170,170,-18,-1,100,0,0,0,0,0,0,0,0,0,0
81,291,153,176,176,-18,0,100,0,0,0,0,0,0,0,0,0,0
82,295,157,169,169,-18,0,100,0,0,0,0,0,0,0,0,0,0
83,290,153,175,175,-18,0,100,0,0,0,0,0,0,0,0,0,0
84,287,153,177,177,-17,0,100,0,0,0,0,0,0,0,0,0,0
85,287,151,177,177,-17,0,100,0,0,0,0,0,0,0,0,0,0
86,291,155,171,171,-18,0,100,0,0,0,0,0,0,0,0,0,0
87,284,150,183,183,-17,0,100,0,0,0,0,0,0,0,0,0,0
88,288,154,175,175,-17,0,100,0,0,0,0,0,0,0,0,0,0
89,289,154,174,174,-18,0,100,0,0,0,0,0,0,0,0,0,0
90,290,156,171,171,-17,0,100,0,0,0,0,0,0,0,0,0,0
91,288,152,177,177,-18,0,100,0,0,0,0,0,0,0,0,0,0
92,289,154,175,175,-18,0,100,0,0,0,0,0,0,0,0,0,0
93,290,156,172,172,-18,-1,100,0,0,0,0,0,0,0,0,0,0
94,288,153,178,178,-18,-1,100,0,0,0,0,0,0,0,0,0,0
95,288,151,177,177,-18,0,100,0,0,0,0,0,0,0,0,0,0
96,290,157,171,171,-17,-1,100,0,0,0,0,0,0,0,0,0,0
97,286,151,180,180,-18,0,100,0,0,0,0,0,0,0,0,0,0
98,285,154,173,173,-16,0,100,0,0,0,0,0,0,0,0,0,0
99,278,153,173,173,-14,0,100,0,0,0,0,0,0,0,0,0,0
100,271,150,173,173,-12,2,100,0,0,0,0,0,0,0,0,0,0
101,259,146,177,177,-8,2,100,0,0,0,0,0,0,0,0,0,0
102,251,147,172,172,-5,3,100,0,0,0,0,0,0,0,0,0,0
103,242,148,170,170,-2,3,100,0,0,0,0,0,0,0,0,0,0
104,230,144,174,174,1,4,100,0,0,0,0,0,0,0,0,0,0
105,217,142,177,177,5,4,100,0,0,0,0,0,0,0,0,0,0
106,15,215,64,64,85,-3,20,0,0,0,0,0,0,0,0,0,0
107,209,142,177,177,7,4,100,0,0,0,0,0,0,0,0,0,0
108,202,142,176,176,9,4,100,0,0,0,0,0,0,0,0,0,0
109,195,144,176,176,12,3,100,0,0,0,0,0,0,0,0,0,0
110,190,144,177,177,13,3,100,0,0,0,0,0,0,0,0,0,0
111,188,145,175,175,14,3,100,0,0,0,0,0,0,0,0,0,0
112,187,146,175,175,14,3,100,0,0,0,0,0,0,0,0,0,0
113,189,146,174,174,14,3,100,0,0,0,0,0,0,0,0,0,0
114,197,151,166,166,12,2,100,0,0,0,0,0,0,0,0,0,0
115,200,150,164,164,12,3,100,0,0,0,0,0,0,0,0,0,0
116,199,148,171,171,11,3,100,0,0,0,0,0,0,0,0,0,0
117,208,150,162,162,10,4,100,0,0,0,0,0,0,0,0,0,0
118,210,150,165,165,9,3,100,0,0,0,0,0,0,0,0,0,0
119,212,147,168,168,8,4,100,0,0,0,0,0,0,0,0,0,0
120,226,155,153,153,6,4,-91,0,0,0,0,0,0,0,0,0,0
121,226,154,159,159,5,3,-99,0,0,0,0,0,0,0,0,0,0
122,235,153,157,157,2,4,-96,0,0,0,0,0,0,0,0,0,0
123,237,153,157,157,2,4,-96,0,0,0,0,0,0,0,0,0,0
124,239,151,161,161,0,4,100,0,0,0,0,0,0,0,0,0,0
125,248,154,153,153,-1,4,-91,0,0,0,0,0,0,0,0,0,0
126,256,155,155,155,-4,3,-94,0,0,0,0,0,0,0,0,0,0
127,251,150,171,171,-5,2,100,0,0,0,0,0,0,0,0,0,0
128,254,148,174,174,-7,2,100,0,0,0,0,0,0,0,0,0,0
129,261,147,175,175,-9,2,100,0,0,0,0,0,0,0,0,0,0
130,264,147,180,180,-11,1,100,0,0,0,0,0,0,0,0,0,0
131,268,141,201,201,-15,0,100,0,0,0,0,0,0,0,0,0,0
132,269,139,210,210,-17,-2,100,0,0,0,0,0,0,0,0,0,0
133,274,138,213,213,-19,-2,100,0,0,0,0,0,0,0,0,0,0
134,273,137,216,216,-19,-2,100,0,0,0,0,0,0,0,0,0,0
135,266,134,229,229,-19,-3,100,0,0,0,0,0,0,0,0,0,0
136,264,140,221,221,-17,-4,100,0,0,0,0,0,0,0,0,0,0
137,248,135,234,234,-14,-5,100,0,0,0,0,0,0,0,0,0,0
138,231,129,242,242,-10,-4,100,0,0,0,0,0,0,0,0,0,0
139,206,125,254,254,-4,-5,100,0,0,0,0,0,0,0,0,0,0
140,182,126,257,257,3,-6,100,0,0,0,0,0,0,0,0,0,0
141,179,141,236,236,7,-8,100,0,0,0,0,0,0,0,0,0,0
142,170,145,231,231,11,-8,100,0,0,0,0,0,0,0,0,0,0
143,157,145,229,229,15,-8,100,0,0,0,0,0,0,0,0,0,0
144,146,140,241,241,17,-8,100,0,0,0,0,0,0,0,0,0,0
145,139,141,242,242,19,-9,100,0,0,0,0,0,0,0,0,0,0
146,132,137,250,250,20,-9,100,0,0,0,0,0,0,0,0,0,0
147,135,140,245,245,20,-9,100,0,0,0,0,0,0,0,0,0,0
148,131,133,256,256,19,-9,100,0,0,0,0,0,0,0,0,0,0
149,139,131,251,251,18,-7,100,0,0,0,0,0,0,0,0,0,0
150,152,136,240,240,15,-7,100,0,0,0,0,0,0,0,0,0,0
151,162,134,241,241,12,-6,100,0,0,0,0,0,0,0,0,0,0
152,174,134,236,236,9,-5,100,0,0,0,0,0,0,0,0,0,0
153,184,135,237,237,6,-5,100,0,0,0,0,0,0,0,0,0,0
154,198,139,233,233,2,-6,100,0,0,0,0,0,0,0,0,0,0
155,209,133,238,238,-2,-5,100,0,0,0,0,0,0,0,0,0,0
156,219,133,236,236,-5,-5,100,0,0,0,0,0,0,0,0,0,0
157,223,125,242,242,-8,-2,100,0,0,0,0,0,0,0,0,0,0
158,231,125,240,240,-10,-2,100,0,0,0,0,0,0,0,0,0,0
159,241,127,234,234,-12,-2,100,0,0,0,0,0,0,0,0,0,0
160,248,123,235,235,-14,0,100,0,0,0,0,0,0,0,0,0,0
161,261,126,225,225,-17,1,100,0,0,0,0,0,0,0,0,0,0
162,274,126,220,220,-20,2,100,0,0,0,0,0,0,0,0,0,0
163,276,118,227,227,-22,4,100,0,0,0,0,0,0,0,0,0,0
164,283,119,222,222,-23,4,100,0,0,0,0,0,0,0,0,0,0
165,290,123,211,211,-23,5,100,0,0,0,0,0,0,0,0,0,0
166,291,119,220,220,-25,5,100,0,0,0,0,0,0,0,0,0,0
167,291,115,222,222,-26,6,100,0,0,0,0,0,0,0,0,0,0
168,295,119,221,221,-27,5,100,0,0,0,0,0,0,0,0,0,0
169,296,116,223,223,-27,5,100,0,0,0,0,0,0,0,0,0,0
170,299,118,221,221,-28,5,100,0,0,0,0,0,0,0,0,0,0
171,305,119,220,220,-30,5,100,0,0,0,0,0,0,0,0,0,0
172,320,123,213,213,-33,5,100,0,0,0,0,0,0,0,0,0,0
173,333,127,204,204,-36,5,100,0,0,0,0,0,0,0,0,0,0
174,345,131,197,197,-38,5,100,0,0,0,0,0,0,0,0,0,0
175,356,134,192,192,-41,4,100,0,0,0,0,0,0,0,0,0,0
176,368,139,182,182,-43,4,100,0,0,0,0,0,0,0,0,0,0
177,366,128,210,210,-47,3,100,0,0,0,0,0,0,0,0,0,0
178,381,134,202,202,-51,2,100,0,0,0,0,0,0,0,0,0,0
179,385,134,202,202,-52,2,100,0,0,0,0,0,0,0,0,0,0
180,388,134,199,199,-52,3,100,0,0,0,0,0,0,0,0,0,0
181,391,136,197,197,-53,2,100,0,0,0,0,0,0,0,0,0,0
182,388,133,199,199,-52,3,100,0,0,0,0,0,0,0,0,0,0
183,389,136,193,193,-52,3,100,0,0,0,0,0,0,0,0,0,0
184,375,131,210,210,-50,2,100,0,0,0,0,0,0,0,0,0,0
185,375,142,192,192,-47,1,100,0,0,0,0,0,0,0,0,0,0
186,364,138,202,202,-45,0,100,0,0,0,0,0,0,0,0,0,0
187,346,140,202,202,-40,0,100,0,0,0,0,0,0,0,0,0,0
188,336,144,205,205,-37,-2,100,0,0,0,0,0,0,0,0,0,0
189,330,146,206,206,-35,-4,100,0,0,0,0,0,0,0,0,0,0
190,325,146,208,208,-34,-4,100,0,0,0,0,0,0,0,0,0,0
191,325,150,199,199,-32,-4,100,0,0,0,0,0,0,0,0,0,0
192,324,148,199,199,-32,-3,100,0,0,0,0,0,0,0,0,0,0
193,320,147,204,204,-32,-4,100,0,0,0,0,0,0,0,0,0,0
194,317,143,207,207,-31,-2,100,0,0,0,0,0,0,0,0,0,0
195,317,144,206,206,-31,-3,100,0,0,0,0,0,0,0,0,0,0
196,314,143,210,210,-31,-3,100,0,0,0,0,0,0,0,0,0,0
197,319,148,201,201,-31,-3,100,0,0,0,0,0,0,0,0,0,0
198,317,145,205,205,-31,-3,100,0,0,0,0,0,0,0,0,0,0
199,319,147,202,202,-31,-3,100,0,0,0,0,0,0,0,0,0,0
200,318,146,204,204,-31,-3,100,0,0,0,0,0,0,0,0,0,0
201,322,149,199,199,-32,-3,100,0,0,0,0,0,0,0,0,0,0
202,319,147,203,203,-31,-3,100,0,0,0,0,0,0,0,0,0,0
203,321,149,199,199,-31,-3,100,0,0,0,0,0,0,0,0,0,0
204,320,149,201,201,-31,-4,100,0,0,0,0,0,0,0,0,0,0
205,318,145,206,206,-32,-3,100,0,0,0,0,0,0,0,0,0,0
206,319,149,203,203,-31,-4,100,0,0,0,0,0,0,0,0,0,0
207,319,145,205,205,-32,-3,100,0,0,0,0,0,0,0,0,0,0
208,320,150,198,198,-31,-4,100,0,0,0,0,0,0,0,0,0,0
209,322,149,200,200,-32,-4,100,0,0,0,0,0,0,0,0,0,0
210,318,148,205,205,-31,-4,100,0,0,0,0,0,0,0,0,0,0
211,317,147,204,204,-31,-4,100,0,0,0,0,0,0,0,0,0,0
212,318,146,204,204,-31,-3,100,0,0,0,0,0,0,0,0,0,0
213,321,150,202,202,-32,-5,100,0,0,0,0,0,0,0,0,0,0
214,318,147,205,205,-31,-4,100,0,0,0,0,0,0,0,0,0,0
215,317,147,204,204,-31,-4,100,0,0,0,0,0,0,0,0,0,0
216,318,148,204,204,-31,-4,100,0,0,0,0,0,0,0,0,0,0
217,319,149,202,202,-31,-4,100,0,0,0,0,0,0,0,0,0,0
218,321,149,198,198,-31,-3,100,0,0,0,0,0,0,0,0,0,0
219,316,147,204,204,-31,-4,100,0,0,0,0,0,0,0,0,0,0
220,317,148,204,204,-31,-4,100,0,0,0,0,0,0,0,0,0,0
221,318,148,203,203,-31,-4,100,0,0,0,0,0,0,0,0,0,0
222,316,147,205,205,-31,-4,100,0,0,0,0,0,0,0,0,0,0
223,320,149,198,198,-31,-3,100,0,0,0,0,0,0,0,0,0,0
224,318,147,203,203,-31,-3,100,0,0,0,0,0,0,0,0,0,0
225,320,151,198,198,-31,-4,100,0,0,0,0,0,0,0,0,0,0
226,317,146,204,204,-31,-3,100,0,0,0,0,0,0,0,0,0,0
227,320,150,198,198,-31,-4,100,0,0,0,0,0,0,0,0,0,0
228,319,149,199,199,-31,-3,100,0,0,0,0,0,0,0,0,0,0
229,320,150,198,198,-31,-4,100,0,0,0,0,0,0,0,0,0,0
230,320,149,196,196,-31,-3,100,0,0,0,0,0,0,0,0,0,0
231,317,145,203,203,-31,-2,100,0,0,0,0,0,0,0,0,0,0
232,320,147,198,198,-31,-2,100,0,0,0,0,0,0,0,0,0,0
233,321,150,196,196,-31,-3,100,0,0,0,0,0,0,0,0,0,0
234,319,149,201,201,-31,-4,100,0,0,0,0,0,0,0,0,0,0
235,318,146,204,204,-31,-3,100,0,0,0,0,0,0,0,0,0,0
236,320,150,200,200,-31,-4,100,0,0,0,0,0,0,0,0,0,0
237,318,148,203,203,-31,-4,100,0,0,0,0,0,0,0,0,0,0
238,319,151,201,201,-31,-5,100,0,0,0,0,0,0,0,0,0,0
239,318,148,206,206,-32,-5,100,0,0,0,0,0,0,0,0,0,0
240,319,149,203,203,-31,-4,100,0,0,0,0,0,0,0,0,0,0
241,321,149,199,199,-31,-3,100,0,0,0,0,0,0,0,0,0,0
242,314,145,210,210,-31,-4,100,0,0,0,0,0,0,0,0,0,0
243,320,147,203,203,-32,-3,100,0,0,0,0,0,0,0,0,0,0
244,323,150,198,198,-32,-4,100,0,0,0,0,0,0,0,0,0,0
245,324,152,197,197,-32,-4,100,0,0,0,0,0,0,0,0,0,0
246,322,152,198,198,-32,-5,100,0,0,0,0,0,0,0,0,0,0
247,322,150,201,201,-32,-4,100,0,0,0,0,0,0,0,0,0,0
248,320,150,204,204,-32,-5,100,0,0,0,0,0,0,0,0,0,0
249,322,152,200,200,-32,-5,100,0,0,0,0,0,0,0,0,0,0
250,320,149,206,206,-32,-5,100,0,0,0,0,0,0,0,0,0,0
251,320,150,200,200,-31,-4,100,0,0,0,0,0,0,0,0,0,0
252,320,151,202,202,-32,-5,100,0,0,0,0,0,0,0,0,0,0
253,320,150,204,204,-32,-5,100,0,0,0,0,0,0,0,0,0,0
254,322,153,199,199,-32,-5,100,0,0,0,0,0,0,0,0,0,0
255,318,149,204,204,-31,-5,100,0,0,0,0,0,0,0,0,0,0
256,320,150,205,205,-32,-5,100,0,0,0,0,0,0,0,0,0,0
257,320,147,205,205,-32,-4,100,0,0,0,0,0,0,0,0,0,0
258,320,148,205,205,-32,-4,100,0,0,0,0,0,0,0,0,0,0
259,319,148,203,203,-31,-4,100,0,0,0,0,0,0,0,0,0,0
260,316,146,208,208,-31,-4,100,0,0,0,0,0,0,0,0,0,0
261,318,144,208,208,-32,-3,100,0,0,0,0,0,0,0,0,0,0
262,319,149,206,206,-32,-5,100,0,0,0,0,0,0,0,0,0,0
263,320,148,205,205,-32,-4,100,0,0,0,0,0,0,0,0,0,0
264,322,150,202,202,-32,-5,100,0,0,0,0,0,0,0,0,0,0
265,322,148,202,202,-32,-4,100,0,0,0,0,0,0,0,0,0,0
266,322,149,203,203,-32,-4,100,0,0,0,0,0,0,0,0,0,0
267,321,149,205,205,-32,-5,100,0,0,0,0,0,0,0,0,0,0
268,322,151,201,201,-32,-5,100,0,0,0,0,0,0,0,0,0,0
269,324,150,201,201,-32,-4,100,0,0,0,0,0,0,0,0,0,0
270,321,149,203,203,-32,-4,100,0,0,0,0,0,0,0,0,0,0
271,320,147,204,204,-32,-4,100,0,0,0,0,0,0,0,0,0,0
272,322,150,201,201,-32,-4,100,0,0,0,0,0,0,0,0,0,0
273,322,149,203,203,-32,-4,100,0,0,0,0,0,0,0,0,0,0
274,320,150,206,206,-32,-5,100,0,0,0,0,0,0,0,0,0,0
275,321,149,203,203,-32,-4,100,0,0,0,0,0,0,0,0,0,0
276,322,149,204,204,-32,-5,100,0,0,0,0,0,0,0,0,0,0
277,322,149,203,203,-32,-4,100,0,0,0,0,0,0,0,0,0,0
278,322,149,202,202,-32,-4,100,0,0,0,0,0,0,0,0,0,0
279,323,149,202,202,-32,-4,100,0,0,0,0,0,0,0,0,0,0
280,325,152,197,197,-32,-4,100,0,0,0,0,0,0,0,0,0,0
281,323,150,203,203,-32,-5,100,0,0,0,0,0,0,0,0,0,0
282,324,152,201,201,-32,-5,100,0,0,0,0,0,0,0,0,0,0
283,326,153,197,197,-32,-5,100,0,0,0,0,0,0,0,0,0,0
284,324,149,200,200,-32,-4,100,0,0,0,0,0,0,0,0,0,0
285,325,152,197,197,-32,-4,100,0,0,0,0,0,0,0,0,0,0
286,324,151,200,200,-32,-5,100,0,0,0,0,0,0,0,0,0,0
287,322,149,205,205,-32,-5,100,0,0,0,0,0,0,0,0,0,0
288,322,148,204,204,-32,-4,100,0,0,0,0,0,0,0,0,0,0
289,324,149,200,200,-32,-4,100,0,0,0,0,0,0,0,0,0,0
290,324,149,200,200,-32,-4,100,0,0,0,0,0,0,0,0,0,0
291,326,149,198,198,-33,-3,100,0,0,0,0,0,0,0,0,0,0
292,326,149,199,199,-33,-3,100,0,0,0,0,0,0,0,0,0,0
293,327,150,197,197,-33,-3,100,0,0,0,0,0,0,0,0,0,0
294,322,148,205,205,-32,-4,100,0,0,0,0,0,0,0,0,0,0
295,326,151,201,201,-33,-5,100,0,0,0,0,0,0,0,0,0,0
296,324,150,204,204,-33,-5,100,0,0,0,0,0,0,0,0,0,0
297,320,148,207,207,-32,-5,100,0,0,0,0,0,0,0,0,0,0
298,324,151,203,203,-33,-5,100,0,0,0,0,0,0,0,0,0,0
299,322,149,205,205,-32,-5,100,0,0,0,0,0,0,0,0,0,0
300,327,153,197,197,-33,-5,100,0,0,0,0,0,0,0,0,0,0
301,324,152,200,200,-32,-5,100,0,0,0,0,0,0,0,0,0,0
302,322,151,203,203,-32,-5,100,0,0,0,0,0,0,0,0,0,0
303,322,147,204,204,-32,-4,100,0,0,0,0,0,0,0,0,0,0
304,321,148,206,206,-32,-5,100,0,0,0,0,0,0,0,0,0,0
305,323,150,203,203,-32,-5,100,0,0,0,0,0,0,0,0,0,0
306,326,148,202,202,-33,-4,100,0,0,0,0,0,0,0,0,0,0
307,325,148,202,202,-33,-4,100,0,0,0,0,0,0,0,0,0,0
308,325,148,203,203,-33,-4,100,0,0,0,0,0,0,0,0,0,0
309,325,148,204,204,-33,-4,100,0,0,0,0,0,0,0,0,0,0
310,326,147,201,201,-33,-3,100,0,0,0,0,0,0,0,0,0,0
311,327,148,203,203,-34,-4,100,0,0,0,0,0,0,0,0,0,0
312,325,149,203,203,-33,-4,100,0,0,0,0,0,0,0,0,0,0
313,328,149,201,201,-34,-4,100,0,0,0,0,0,0,0,0,0,0
314,330,153,196,196,-34,-5,100,0,0,0,0,0,0,0,0,0,0
315,329,151,199,199,-34,-4,100,0,0,0,0,0,0,0,0,0,0
316,328,150,201,201,-34,-4,100,0,0,0,0,0,0,0,0,0,0
317,331,154,195,195,-34,-5,100,0,0,0,0,0,0,0,0,0,0
318,326,150,203,203,-33,-5,100,0,0,0,0,0,0,0,0,0,0
319,326,147,204,204,-34,-4,100,0,0,0,0,0,0,0,0,0,0
320,327,149,201,201,-33,-4,100,0,0,0,0,0,0,0,0,0,0
321,327,150,202,202,-34,-5,100,0,0,0,0,0,0,0,0,0,0
322,328,150,199,199,-33,-4,100,0,0,0,0,0,0,0,0,0,0
323,329,151,196,196,-33,-4,100,0,0,0,0,0,0,0,0,0,0
324,328,148,203,203,-34,-4,100,0,0,0,0,0,0,0,0,0,0
325,327,149,200,200,-33,-4,100,0,0,0,0,0,0,0,0,0,0
326,329,151,198,198,-34,-4,100,0,0,0,0,0,0,0,0,0,0
327,331,151,198,198,-34,-4,100,0,0,0,0,0,0,0,0,0,0
328,331,152,194,194,-34,-4,100,0,0,0,0,0,0,0,0,0,0
329,330,153,196,196,-34,-5,100,0,0,0,0,0,0,0,0,0,0
330,325,151,206,206,-34,-6,100,0,0,0,0,0,0,0,0,0,0
331,328,166,191,191,-32,-9,100,0,0,0,0,0,0,0,0,0,0
332,325,169,190,190,-31,-10,100,0,0,0,0,0,0,0,0,0,0
333,321,170,191,191,-30,-10,100,0,0,0,0,0,0,0,0,0,0
334,320,164,194,194,-30,-9,100,0,0,0,0,0,0,0,0,0,0
335,321,165,191,191,-30,-8,100,0,0,0,0,0,0,0,0,0,0
336,318,157,199,199,-30,-7,100,0,0,0,0,0,0,0,0,0,0
337,318,155,196,196,-30,-5,100,0,0,0,0,0,0,0,0,0,0
338,323,151,195,195,-31,-3,100,0,0,0,0,0,0,0,0,0,0
339,319,142,203,203,-31,-1,100,0,0,0,0,0,0,0,0,0,0
340,323,144,198,198,-32,-1,100,0,0,0,0,0,0,0,0,0,0
341,323,144,198,198,-32,-1,100,0,0,0,0,0,0,0,0,0,0
342,324,147,196,196,-32,-2,100,0,0,0,0,0,0,0,0,0,0
343,321,142,204,204,-32,-2,100,0,0,0,0,0,0,0,0,0,0
344,319,144,205,205,-32,-2,100,0,0,0,0,0,0,0,0,0,0
345,321,144,202,202,-32,-2,100,0,0,0,0,0,0,0,0,0,0
346,320,145,204,204,-32,-3,100,0,0,0,0,0,0,0,0,0,0
347,325,149,197,197,-32,-3,100,0,0,0,0,0,0,0,0,0,0
348,325,148,201,201,-33,-3,100,0,0,0,0,0,0,0,0,0,0
349,327,149,200,200,-33,-4,100,0,0,0,0,0,0,0,0,0,0
350,324,143,204,204,-33,-2,100,0,0,0,0,0,0,0,0,0,0
351,326,145,202,202,-33,-2,100,0,0,0,0,0,0,0,0,0,0
352,322,143,208,208,-33,-3,100,0,0,0,0,0,0,0,0,0,0
353,327,147,202,202,-34,-3,100,0,0,0,0,0,0,0,0,0,0
354,325,146,201,201,-33,-2,100,0,0,0,0,0,0,0,0,0,0
355,327,147,201,201,-33,-3,100,0,0,0,0,0,0,0,0,0,0
356,326,149,202,202,-33,-4,100,0,0,0,0,0,0,0,0,0,0
357,324,147,203,203,-33,-3,100,0,0,0,0,0,0,0,0,0,0
358,323,147,203,203,-32,-3,100,0,0,0,0,0,0,0,0,0,0
359,321,145,207,207,-32,-3,100,0,0,0,0,0,0,0,0,0,0
360,324,147,204,204,-33,-4,100,0,0,0,0,0,0,0,0,0,0
361,324,143,209,209,-34,-3,100,0,0,0,0,0,0,0,0,0,0
362,321,146,211,211,-33,-5,100,0,0,0,0,0,0,0,0,0,0
363,324,148,205,205,-33,-4,100,0,0,0,0,0,0,0,0,0,0
364,326,146,206,206,-34,-4,100,0,0,0,0,0,0,0,0,0,0
365,328,150,200,200,-34,-4,100,0,0,0,0,0,0,0,0,0,0
366,327,147,203,203,-34,-3,100,0,0,0,0,0,0,0,0,0,0
367,327,147,201,201,-33,-3,100,0,0,0,0,0,0,0,0,0,0
368,326,149,202,202,-33,-4,100,0,0,0,0,0,0,0,0,0,0
369,329,152,198,198,-34,-5,100,0,0,0,0,0,0,0,0,0,0
370,331,151,195,195,-34,-3,100,0,0,0,0,0,0,0,0,0,0
371,327,149,202,202,-34,-4,100,0,0,0,0,0,0,0,0,0,0
372,324,146,206,206,-33,-4,100,0,0,0,0,0,0,0,0,0,0
373,326,147,203,203,-33,-3,100,0,0,0,0,0,0,0,0,0,0
374,329,151,198,198,-34,-4,100,0,0,0,0,0,0,0,0,0,0
375,327,146,201,201,-33,-2,100,0,0,0,0,0,0,0,0,0,0
376,323,144,209,209,-33,-3,100,0,0,0,0,0,0,0,0,0,0
377,326,147,201,201,-33,-3,100,0,0,0,0,0,0,0,0,0,0
378,325,147,203,203,-33,-3,100,0,0,0,0,0,0,0,0,0,0
379,326,147,205,205,-34,-4,100,0,0,0,0,0,0,0,0,0,0
380,321,145,212,212,-33,-5,100,0,0,0,0,0,0,0,0,0,0
381,327,148,204,204,-34,-4,100,0,0,0,0,0,0,0,0,0,0
382,326,151,203,203,-33,-5,100,0,0,0,0,0,0,0,0,0,0
383,322,150,206,206,-33,-5,100,0,0,0,0,0,0,0,0,0,0
384,323,149,208,208,-33,-5,100,0,0,0,0,0,0,0,0,0,0
385,322,150,208,208,-33,-6,100,0,0,0,0,0,0,0,0,0,0
386,324,151,202,202,-33,-5,100,0,0,0,0,0,0,0,0,0,0
387,324,152,202,202,-33,-5,100,0,0,0,0,0,0,0,0,0,0
388,325,152,200,200,-33,-5,100,0,0,0,0,0,0,0,0,0,0
389,324,151,202,202,-33,-5,100,0,0,0,0,0,0,0,0,0,0
390,322,149,206,206,-33,-5,100,0,0,0,0,0,0,0,0,0,0
391,326,153,197,197,-32,-5,100,0,0,0,0,0,0,0,0,0,0
392,325,154,197,197,-32,-5,100,0,0,0,0,0,0,0,0,0,0
393,321,148,203,203,-32,-4,100,0,0,0,0,0,0,0,0,0,0
394,323,150,202,202,-32,-5,100,0,0,0,0,0,0,0,0,0,0
395,327,155,197,197,-33,-5,100,0,0,0,0,0,0,0,0,0,0
396,323,151,200,200,-32,-5,100,0,0,0,0,0,0,0,0,0,0
397,326,153,197,197,-32,-5,100,0,0,0,0,0,0,0,0,0,0
398,321,152,204,204,-32,-6,100,0,0,0,0,0,0,0,0,0,0
399,322,152,201,201,-32,-5,100,0,0,0,0,0,0,0,0,0,0
400,323,152,200,200,-32,-5,100,0,0,0,0,0,0,0,0,0,0
401,320,148,207,207,-32,-5,100,0,0,0,0,0,0,0,0,0,0
402,321,148,207,207,-32,-5,100,0,0,0,0,0,0,0,0,0,0
403,323,150,202,202,-32,-5,100,0,0,0,0,0,0,0,0,0,0
404,323,151,201,201,-32,-5,100,0,0,0,0,0,0,0,0,0,0
405,325,149,201,201,-33,-4,100,0,0,0,0,0,0,0,0,0,0
406,327,153,195,195,-32,-4,100,0,0,0,0,0,0,0,0,0,0
407,327,152,197,197,-33,-4,100,0,0,0,0,0,0,0,0,0,0
408,325,149,202,202,-33,-4,100,0,0,0,0,0,0,0,0,0,0
409,325,151,201,201,-33,-5,100,0,0,0,0,0,0,0,0,0,0
410,326,152,198,198,-33,-5,100,0,0,0,0,0,0,0,0,0,0
411,325,148,200,200,-33,-3,100,0,0,0,0,0,0,0,0,0,0
412,326,152,198,198,-33,-5,100,0,0,0,0,0,0,0,0,0,0
413,325,149,201,201,-33,-4,100,0,0,0,0,0,0,0,0,0,0
414,324,148,200,200,-32,-3,100,0,0,0,0,0,0,0,0,0,0
415,325,150,199,199,-32,-4,100,0,0,0,0,0,0,0,0,0,0
416,325,151,197,197,-32,-4,100,0,0,0,0,0,0,0,0,0,0
417,327,152,194,194,-32,-4,100,0,0,0,0,0,0,0,0,0,0
418,323,148,203,203,-32,-4,100,0,0,0,0,0,0,0,0,0,0
419,329,152,191,191,-32,-3,100,0,0,0,0,0,0,0,0,0,0
420,326,149,198,198,-33,-3,100,0,0,0,0,0,0,0,0,0,0
421,323,148,202,202,-32,-4,100,0,0,0,0,0,0,0,0,0,0
422,324,149,200,200,-32,-4,100,0,0,0,0,0,0,0,0,0,0
423,325,148,200,200,-33,-3,100,0,0,0,0,0,0,0,0,0,0
424,326,151,198,198,-33,-4,100,0,0,0,0,0,0,0,0,0,0
425,328,153,192,192,-32,-4,100,0,0,0,0,0,0,0,0,0,0
426,322,147,201,201,-32,-3,100,0,0,0,0,0,0,0,0,0,0
427,325,150,198,198,-32,-4,100,0,0,0,0,0,0,0,0,0,0
428,324,149,200,200,-32,-4,100,0,0,0,0,0,0,0,0,0,0
429,323,149,203,203,-32,-4,100,0,0,0,0,0,0,0,0,0,0
430,325,149,200,200,-33,-4,100,0,0,0,0,0,0,0,0,0,0
431,324,151,198,198,-32,-4,100,0,0,0,0,0,0,0,0,0,0
432,325,150,199,199,-32,-4,100,0,0,0,0,0,0,0,0,0,0
433,322,146,203,203,-32,-3,100,0,0,0,0,0,0,0,0,0,0
434,324,148,200,200,-32,-3,100,0,0,0,0,0,0,0,0,0,0
435,323,148,203,203,-32,-4,100,0,0,0,0,0,0,0,0,0,0
436,325,150,197,197,-32,-3,100,0,0,0,0,0,0,0,0,0,0
437,327,151,192,192,-32,-3,100,0,0,0,0,0,0,0,0,0,0
438,324,150,198,198,-32,-4,100,0,0,0,0,0,0,0,0,0,0
439,321,148,204,204,-32,-4,100,0,0,0,0,0,0,0,0,0,0
440,326,151,195,195,-32,-3,100,0,0,0,0,0,0,0,0,0,0
441,322,148,203,203,-32,-4,100,0,0,0,0,0,0,0,0,0,0
442,323,148,202,202,-32,-4,100,0,0,0,0,0,0,0,0,0,0
443,324,148,199,199,-32,-3,100,0,0,0,0,0,0,0,0,0,0
444,323,147,204,204,-33,-4,100,0,0,0,0,0,0,0,0,0,0
445,323,150,203,203,-32,-5,100,0,0,0,0,0,0,0,0,0,0
446,320,146,205,205,-32,-3,100,0,0,0,0,0,0,0,0,0,0
447,321,147,206,206,-32,-4,100,0,0,0,0,0,0,0,0,0,0
448,326,149,198,198,-33,-3,100,0,0,0,0,0,0,0,0,0,0
449,321,148,204,204,-32,-4,100,0,0,0,0,0,0,0,0,0,0
450,326,151,195,195,-32,-3,100,0,0,0,0,0,0,0,0,0,0
451,320,145,205,205,-32,-3,100,0,0,0,0,0,0,0,0,0,0
452,323,149,202,202,-32,-4,100,0,0,0,0,0,0,0,0,0,0
453,327,151,193,193,-32,-3,100,0,0,0,0,0,0,0,0,0,0
454,321,148,203,203,-32,-4,100,0,0,0,0,0,0,0,0,0,0
455,319,147,200,200,-31,-3,100,0,0,0,0,0,0,0,0,0,0
456,308,145,203,203,-28,-2,100,0,0,0,0,0,0,0,0,0,0
457,292,144,202,202,-23,-2,100,0,0,0,0,0,0,0,0,0,0
458,276,146,198,198,-17,-2,100,0,0,0,0,0,0,0,0,0,0
459,252,145,200,200,-10,-2,100,0,0,0,0,0,0,0,0,0,0
460,223,142,207,207,-2,-2,100,0,0,0,0,0,0,0,0,0,0
461,197,145,199,199,8,-2,100,0,0,0,0,0,0,0,0,0,0
462,171,142,204,204,15,-2,100,0,0,0,0,0,0,0,0,0,0
463,154,151,200,200,21,-5,100,0,0,0,0,0,0,0,0,0,0
464,142,154,195,195,25,-5,100,0,0,0,0,0,0,0,0,0,0
465,124,152,202,202,30,-5,100,0,0,0,0,0,0,0,0,0,0
466,121,156,192,192,32,-5,100,0,0,0,0,0,0,0,0,0,0
467,124,158,187,187,32,-5,100,0,0,0,0,0,0,0,0,0,0
468,126,154,199,199,30,-5,100,0,0,0,0,0,0,0,0,0,0
469,141,151,202,202,24,-5,100,0,0,0,0,0,0,0,0,0,0
470,157,146,209,209,18,-4,100,0,0,0,0,0,0,0,0,0,0
471,190,140,214,214,7,-3,100,0,0,0,0,0,0,0,0,0,0
472,305,144,215,215,-29,-5,100,0,0,0,0,0,0,0,0,0,0
473,394,156,205,205,-55,-8,100,0,0,0,0,0,0,0,0,0,0
474,421,162,201,201,-63,-9,100,0,0,0,0,0,0,0,0,0,0
475,446,166,191,191,-69,-9,100,0,0,0,0,0,0,0,0,0,0
476,16,240,50,50,87,-10,38,0,0,0,0,0,0,0,0,0,0
477,434,159,197,197,-66,-7,100,0,0,0,0,0,0,0,0,0,0
478,407,146,218,218,-61,-6,100,0,0,0,0,0,0,0,0,0,0
479,383,147,207,207,-52,-4,100,0,0,0,0,0,0,0,0,0,0
480,353,148,192,192,-40,-2,100,0,0,0,0,0,0,0,0,0,0
481,320,141,193,193,-30,1,100,0,0,0,0,0,0,0,0,0,0
482,284,130,210,210,-22,2,100,0,0,0,0,0,0,0,0,0,0
483,258,134,202,202,-12,2,100,0,0,0,0,0,0,0,0,0,0
484,237,135,200,200,-5,2,100,0,0,0,0,0,0,0,0,0,0
485,215,128,210,210,0,3,100,0,0,0,0,0,0,0,0,0,0
486,208,132,210,210,2,1,100,0,0,0,0,0,0,0,0,0,0
487,206,134,210,210,3,0,100,0,0,0,0,0,0,0,0,0,0
488,213,138,206,206,1,0,100,0,0,0,0,0,0,0,0,0,0
489,217,139,207,207,0,-1,100,0,0,0,0,0,0,0,0,0,0
490,224,143,205,205,-2,-2,100,0,0,0,0,0,0,0,0,0,0
491,230,144,207,207,-4,-3,100,0,0,0,0,0,0,0,0,0,0
492,232,142,212,212,-6,-3,100,0,0,0,0,0,0,0,0,0,0
493,240,147,211,211,-8,-5,100,0,0,0,0,0,0,0,0,0,0
494,248,150,207,207,-10,-5,100,0,0,0,0,0,0,0,0,0,0
495,255,149,218,218,-14,-8,100,0,0,0,0,0,0,0,0,0,0
496,261,147,223,223,-16,-8,100,0,0,0,0,0,0,0,0,0,0
497,277,155,212,212,-20,-9,100,0,0,0,0,0,0,0,0,0,0
498,287,156,214,214,-23,-10,100,0,0,0,0,0,0,0,0,0,0
499,297,157,217,217,-27,-10,100,0,0,0,0,0,0,0,0,0,0
500,304,155,221,221,-29,-10,100,0,0,0,0,0,0,0,0,0,0
501,316,161,210,210,-32,-11,100,0,0,0,0,0,0,0,0,0,0
502,326,155,220,220,-36,-10,100,0,0,0,0,0,0,0,0,0,0
503,332,152,216,216,-38,-8,100,0,0,0,0,0,0,0,0,0,0
504,335,152,212,212,-38,-8,100,0,0,0,0,0,0,0,0,0,0
505,330,143,221,221,-38,-5,100,0,0,0,0,0,0,0,0,0,0
506,334,145,216,216,-38,-5,100,0,0,0,0,0,0,0,0,0,0
507,341,144,208,208,-39,-3,100,0,0,0,0,0,0,0,0,0,0
508,342,141,211,211,-40,-2,100,0,0,0,0,0,0,0,0,0,0
509,342,138,209,209,-39,-1,100,0,0,0,0,0,0,0,0,0,0
510,341,135,216,216,-40,-1,100,0,0,0,0,0,0,0,0,0,0
511,341,135,216,216,-40,-1,100,0,0,0,0,0,0,0,0,0,0
512,347,141,209,209,-41,-2,100,0,0,0,0,0,0,0,0,0,0
513,347,141,211,211,-41,-2,100,0,0,0,0,0,0,0,0,0,0
514,347,140,214,214,-42,-3,100,0,0,0,0,0,0,0,0,0,0
515,348,140,215,215,-42,-3,100,0,0,0,0,0,0,0,0,0,0
516,350,141,214,214,-43,-3,100,0,0,0,0,0,0,0,0,0,0
517,350,143,213,213,-42,-4,100,0,0,0,0,0,0,0,0,0,0
518,352,147,211,211,-43,-5,100,0,0,0,0,0,0,0,0,0,0
519,351,143,214,214,-43,-4,100,0,0,0,0,0,0,0,0,0,0
520,352,145,213,213,-43,-5,100,0,0,0,0,0,0,0,0,0,0
521,350,146,213,213,-42,-5,100,0,0,0,0,0,0,0,0,0,0
522,348,145,217,217,-42,-5,100,0,0,0,0,0,0,0,0,0,0
523,349,148,211,211,-42,-5,100,0,0,0,0,0,0,0,0,0,0
524,346,146,216,216,-42,-6,100,0,0,0,0,0,0,0,0,0,0
525,350,149,206,206,-42,-5,100,0,0,0,0,0,0,0,0,0,0
526,346,146,212,212,-41,-5,100,0,0,0,0,0,0,0,0,0,0
527,346,147,211,211,-41,-5,100,0,0,0,0,0,0,0,0,0,0
528,346,150,211,211,-41,-6,100,0,0,0,0,0,0,0,0,0,0
529,344,148,213,213,-41,-6,100,0,0,0,0,0,0,0,0,0,0
530,344,147,214,214,-41,-6,100,0,0,0,0,0,0,0,0,0,0
531,346,149,210,210,-41,-6,100,0,0,0,0,0,0,0,0,0,0
532,345,147,212,212,-41,-5,100,0,0,0,0,0,0,0,0,0,0
533,345,150,211,211,-41,-6,100,0,0,0,0,0,0,0,0,0,0
534,344,148,211,211,-40,-5,100,0,0,0,0,0,0,0,0,0,0
535,342,149,213,213,-40,-6,100,0,0,0,0,0,0,0,0,0,0
536,20,218,60,60,84,-3,25,0,0,0,0,0,0,0,0,0,0
537,340,148,213,213,-39,-6,100,0,0,0,0,0,0,0,0,0,0
538,340,152,206,206,-38,-6,100,0,0,0,0,0,0,0,0,0,0
539,330,147,216,216,-37,-6,100,0,0,0,0,0,0,0,0,0,0
540,326,147,214,214,-35,-6,100,0,0,0,0,0,0,0,0,0,0
541,316,145,218,218,-33,-6,100,0,0,0,0,0,0,0,0,0,0
542,312,148,214,214,-31,-6,100,0,0,0,0,0,0,0,0,0,0
543,290,147,222,222,-25,-8,100,0,0,0,0,0,0,0,0,0,0
544,283,151,224,224,-23,-10,100,0,0,0,0,0,0,0,0,0,0
545,269,149,237,237,-21,-11,100,0,0,0,0,0,0,0,0,0,0
546,259,148,243,243,-19,-12,100,0,0,0,0,0,0,0,0,0,0
547,255,157,239,239,-17,-15,100,0,0,0,0,0,0,0,0,0,0
548,233,146,266,266,-14,-16,100,0,0,0,0,0,0,0,0,0,0
549,231,149,263,263,-13,-17,100,0,0,0,0,0,0,0,0,0,0
550,226,144,275,275,-13,-17,100,0,0,0,0,0,0,0,0,0,0
551,226,141,276,276,-14,-16,100,0,0,0,0,0,0,0,0,0,0
552,223,132,288,288,-15,-15,100,0,0,0,0,0,0,0,0,0,0
553,454,151,178,178,-70,0,100,0,0,0,0,0,0,0,0,0,0
554,230,137,278,278,-15,-15,100,0,0,0,0,0,0,0,0,0,0
555,231,142,279,279,-16,-17,100,0,0,0,0,0,0,0,0,0,0
556,229,141,286,286,-16,-18,100,0,0,0,0,0,0,0,0,0,0
557,230,142,292,292,-18,-20,100,0,0,0,0,0,0,0,0,0,0
558,235,145,278,278,-17,-18,100,0,0,0,0,0,0,0,0,0,0
559,234,131,290,290,-18,-15,100,0,0,0,0,0,0,0,0,0,0
560,248,137,260,260,-18,-11,100,0,0,0,0,0,0,0,0,0,0
561,239,121,273,273,-17,-7,100,0,0,0,0,0,0,0,0,0,0
562,249,125,257,257,-18,-5,100,0,0,0,0,0,0,0,0,0,0
563,261,121,234,234,-18,1,100,0,0,0,0,0,0,0,0,0,0
564,254,111,242,242,-17,3,100,0,0,0,0,0,0,0,0,0,0
565,268,112,219,219,-18,8,100,0,0,0,0,0,0,0,0,0,0
566,267,110,216,216,-17,9,100,0,0,0,0,0,0,0,0,0,0
567,278,115,195,195,-17,12,100,0,0,0,0,0,0,0,0,0,0
568,275,112,199,199,-17,12,100,0,0,0,0,0,0,0,0,0,0
569,278,115,190,190,-17,12,100,0,0,0,0,0,0,0,0,0,0
570,280,114,189,189,-17,13,100,0,0,0,0,0,0,0,0,0,0
571,283,117,183,183,-17,13,100,0,0,0,0,0,0,0,0,0,0
572,282,121,180,180,-16,12,100,0,0,0,0,0,0,0,0,0,0
573,278,127,181,181,-15,10,100,0,0,0,0,0,0,0,0,0,0
574,278,130,177,177,-14,9,100,0,0,0,0,0,0,0,0,0,0
575,282,135,168,168,-14,9,100,0,0,0,0,0,0,0,0,0,0
576,277,134,174,174,-14,8,100,0,0,0,0,0,0,0,0,0,0
577,279,135,174,174,-14,8,100,0,0,0,0,0,0,0,0,0,0
578,279,138,169,169,-13,8,100,0,0,0,0,0,0,0,0,0,0
579,274,132,176,176,-13,8,100,0,0,0,0,0,0,0,0,0,0
580,280,138,162,162,-13,9,100,0,0,0,0,0,0,0,0,0,0
581,280,140,159,159,-12,9,-99,0,0,0,0,0,0,0,0,0,0
582,281,142,157,157,-12,8,-96,0,0,0,0,0,0,0,0,0,0
583,280,140,156,156,-12,9,-95,0,0,0,0,0,0,0,0,0,0
584,282,143,150,150,-12,9,-88,0,0,0,0,0,0,0,0,0,0
585,284,143,147,147,-12,10,-84,0,0,0,0,0,0,0,0,0,0
586,284,142,144,144,-11,11,-80,0,0,0,0,0,0,0,0,0,0
587,280,141,142,142,-10,12,-78,0,0,0,0,0,0,0,0,0,0
588,280,142,137,137,-9,12,-71,0,0,0,0,0,0,0,0,0,0
589,283,144,133,133,-9,12,-66,0,0,0,0,0,0,0,0,0,0
590,282,144,133,133,-9,12,-66,0,0,0,0,0,0,0,0,0,0
591,283,144,130,130,-9,13,-62,0,0,0,0,0,0,0,0,0,0
592,285,145,129,129,-9,13,-61,0,0,0,0,0,0,0,0,0,0
593,283,143,133,133,-9,13,-66,0,0,0,0,0,0,0,0,0,0
594,286,146,128,128,-9,12,-60,0,0,0,0,0,0,0,0,0,0
595,280,143,137,137,-9,12,-71,0,0,0,0,0,0,0,0,0,0
596,281,145,133,133,-8,12,-66,0,0,0,0,0,0,0,0,0,0
597,278,144,136,136,-8,12,-70,0,0,0,0,0,0,0,0,0,0
598,272,145,140,140,-7,10,-75,0,0,0,0,0,0,0,0,0,0
599,269,148,138,138,-6,10,-72,0,0,0,0,0,0,0,0,0,0
600,259,149,141,141,-3,9,-76,0,0,0,0,0,0,0,0,0,0
601,255,150,138,138,-1,9,-72,0,0,0,0,0,0,0,0,0,0
602,248,148,145,145,0,8,-81,0,0,0,0,0,0,0,0,0,0
603,244,148,145,145,1,8,-81,0,0,0,0,0,0,0,0,0,0
604,248,152,139,139,1,8,-74,0,0,0,0,0,0,0,0,0,0
605,248,153,136,136,1,8,-70,0,0,0,0,0,0,0,0,0,0
606,248,151,140,140,1,8,-75,0,0,0,0,0,0,0,0,0,0
607,248,151,140,140,1,8,-75,0,0,0,0,0,0,0,0,0,0
608,244,149,144,144,1,8,-80,0,0,0,0,0,0,0,0,0,0
609,247,147,145,145,0,9,-81,0,0,0,0,0,0,0,0,0,0
610,248,150,140,140,1,8,-75,0,0,0,0,0,0,0,0,0,0
611,245,148,144,144,1,8,-80,0,0,0,0,0,0,0,0,0,0
612,240,148,146,146,2,8,-82,0,0,0,0,0,0,0,0,0,0
613,241,148,144,144,2,8,-80,0,0,0,0,0,0,0,0,0,0
614,250,154,135,135,1,8,-69,0,0,0,0,0,0,0,0,0,0
615,250,149,144,144,-1,8,-80,0,0,0,0,0,0,0,0,0,0
616,260,148,145,145,-4,8,-81,0,0,0,0,0,0,0,0,0,0
617,268,147,146,146,-7,8,-82,0,0,0,0,0,0,0,0,0,0
618,291,147,147,147,-14,8,-84,0,0,0,0,0,0,0,0,0,0
619,302,147,148,148,-18,8,-85,0,0,0,0,0,0,0,0,0,0
620,315,152,142,142,-21,7,-78,0,0,0,0,0,0,0,0,0,0
621,321,151,144,144,-23,7,-80,0,0,0,0,0,0,0,0,0,0
622,335,154,141,141,-27,7,-76,0,0,0,0,0,0,0,0,0,0
623,338,154,142,142,-28,6,-78,0,0,0,0,0,0,0,0,0,0
624,340,154,143,143,-28,6,-79,0,0,0,0,0,0,0,0,0,0
625,343,154,142,142,-29,6,-78,0,0,0,0,0,0,0,0,0,0
626,340,151,148,148,-29,6,-85,0,0,0,0,0,0,0,0,0,0
627,339,151,148,148,-29,6,-85,0,0,0,0,0,0,0,0,0,0
628,334,149,150,150,-28,7,-88,0,0,0,0,0,0,0,0,0,0
629,339,153,143,143,-28,7,-79,0,0,0,0,0,0,0,0,0,0
630,336,151,148,148,-28,6,-85,0,0,0,0,0,0,0,0,0,0
631,333,149,152,152,-28,6,-90,0,0,0,0,0,0,0,0,0,0
632,336,152,146,146,-28,6,-82,0,0,0,0,0,0,0,0,0,0
633,336,151,149,149,-28,6,-86,0,0,0,0,0,0,0,0,0,0
634,336,153,145,145,-28,6,-81,0,0,0,0,0,0,0,0,0,0
635,334,152,146,146,-27,6,-82,0,0,0,0,0,0,0,0,0,0
636,336,153,143,143,-27,7,-79,0,0,0,0,0,0,0,0,0,0
637,335,152,144,144,-27,7,-80,0,0,0,0,0,0,0,0,0,0
638,332,149,150,150,-27,7,-88,0,0,0,0,0,0,0,0,0,0
639,334,152,145,145,-27,7,-81,0,0,0,0,0,0,0,0,0,0
640,333,149,150,150,-28,7,-88,0,0,0,0,0,0,0,0,0,0
641,332,150,148,148,-27,7,-85,0,0,0,0,0,0,0,0,0,0
642,336,154,142,142,-27,6,-78,0,0,0,0,0,0,0,0,0,0
643,333,151,147,147,-27,7,-84,0,0,0,0,0,0,0,0,0,0
644,330,149,151,151,-27,7,-89,0,0,0,0,0,0,0,0,0,0
645,336,154,142,142,-27,6,-78,0,0,0,0,0,0,0,0,0,0
646,331,149,148,148,-27,7,-85,0,0,0,0,0,0,0,0,0,0
647,330,151,149,149,-26,6,-86,0,0,0,0,0,0,0,0,0,0
648,332,152,144,144,-26,7,-80,0,0,0,0,0,0,0,0,0,0
649,333,154,143,143,-26,6,-79,0,0,0,0,0,0,0,0,0,0
650,333,151,145,145,-27,7,-81,0,0,0,0,0,0,0,0,0,0
651,329,150,150,150,-26,6,-88,0,0,0,0,0,0,0,0,0,0
652,331,150,147,147,-26,7,-84,0,0,0,0,0,0,0,0,0,0
653,330,149,149,149,-26,7,-86,0,0,0,0,0,0,0,0,0,0
654,329,150,150,150,-26,6,-88,0,0,0,0,0,0,0,0,0,0
655,332,152,143,143,-26,7,-79,0,0,0,0,0,0,0,0,0,0
656,329,151,149,149,-26,6,-86,0,0,0,0,0,0,0,0,0,0
657,331,152,146,146,-26,6,-82,0,0,0,0,0,0,0,0,0,0
658,328,147,151,151,-26,8,-89,0,0,0,0,0,0,0,0,0,0
659,332,151,144,144,-26,7,-80,0,0,0,0,0,0,0,0,0,0
660,332,151,145,145,-26,7,-81,0,0,0,0,0,0,0,0,0,0
661,330,150,147,147,-26,7,-84,0,0,0,0,0,0,0,0,0,0
662,326,149,151,151,-25,7,-89,0,0,0,0,0,0,0,0,0,0
663,324,150,148,148,-24,7,-85,0,0,0,0,0,0,0,0,0,0
664,325,151,147,147,-24,7,-84,0,0,0,0,0,0,0,0,0,0
665,323,149,150,150,-24,7,-88,0,0,0,0,0,0,0,0,0,0
666,325,150,145,145,-24,8,-81,0,0,0,0,0,0,0,0,0,0
667,323,151,148,148,-24,6,-85,0,0,0,0,0,0,0,0,0,0
668,323,149,150,150,-24,7,-88,0,0,0,0,0,0,0,0,0,0
669,325,149,146,146,-24,8,-82,0,0,0,0,0,0,0,0,0,0
670,326,148,145,145,-24,8,-81,0,0,0,0,0,0,0,0,0,0
671,323,148,148,148,-24,8,-85,0,0,0,0,0,0,0,0,0,0
672,324,147,147,147,-24,8,-84,0,0,0,0,0,0,0,0,0,0
673,322,145,151,151,-24,8,-89,0,0,0,0,0,0,0,0,0,0
674,325,147,146,146,-24,8,-82,0,0,0,0,0,0,0,0,0,0
675,322,146,149,149,-24,8,-86,0,0,0,0,0,0,0,0,0,0
676,323,148,146,146,-24,8,-82,0,0,0,0,0,0,0,0,0,0
677,324,150,144,144,-24,8,-80,0,0,0,0,0,0,0,0,0,0
678,319,145,150,150,-23,8,-88,0,0,0,0,0,0,0,0,0,0
679,320,146,151,151,-23,8,-89,0,0,0,0,0,0,0,0,0,0
680,323,148,144,144,-23,8,-80,0,0,0,0,0,0,0,0,0,0
681,321,145,150,150,-24,8,-88,0,0,0,0,0,0,0,0,0,0
682,323,148,145,145,-23,8,-81,0,0,0,0,0,0,0,0,0,0
683,323,147,150,150,-24,8,-88,0,0,0,0,0,0,0,0,0,0
684,320,145,151,151,-23,8,-89,0,0,0,0,0,0,0,0,0,0
685,321,148,150,150,-24,7,-88,0,0,0,0,0,0,0,0,0,0
686,322,147,150,150,-24,8,-88,0,0,0,0,0,0,0,0,0,0
687,318,146,154,154,-23,7,-92,0,0,0,0,0,0,0,0,0,0
688,325,149,148,148,-25,7,-85,0,0,0,0,0,0,0,0,0,0
689,324,149,153,153,-25,6,-91,0,0,0,0,0,0,0,0,0,0
690,330,155,151,151,-27,4,-89,0,0,0,0,0,0,0,0,0,0
691,330,155,152,152,-27,4,-90,0,0,0,0,0,0,0,0,0,0
692,333,159,150,150,-28,2,-88,0,0,0,0,0,0,0,0,0,0
693,336,161,151,151,-28,2,-89,0,0,0,0,0,0,0,0,0,0
694,344,170,150,150,-31,-2,-88,0,0,0,0,0,0,0,0,0,0
695,350,169,154,154,-33,-2,-92,0,0,0,0,0,0,0,0,0,0
696,363,176,155,155,-38,-5,-94,0,0,0,0,0,0,0,0,0,0
697,356,164,184,184,-40,-7,100,0,0,0,0,0,0,0,0,0,0
698,420,341,48,48,-39,-52,40,0,0,0,0,0,0,0,0,0,0
699,419,340,50,50,-39,-52,38,0,0,0,0,0,0,0,0,0,0
700,324,188,172,172,-28,-14,100,0,0,0,0,0,0,0,0,0,0
701,330,194,158,158,-28,-14,-98,0,0,0,0,0,0,0,0,0,0
702,329,190,164,164,-28,-13,100,0,0,0,0,0,0,0,0,0,0
703,328,186,168,168,-29,-12,100,0,0,0,0,0,0,0,0,0,0
704,342,183,170,170,-33,-12,100,0,0,0,0,0,0,0,0,0,0
0,269,182,197,197,-15,-17,100,0,0,0,0,0,0,0,0,0,0
1,256,181,196,196,-11,-16,100,0,0,0,0,0,0,0,0,0,0
2,268,191,189,189,-13,-19,100,0,0,0,0,0,0,0,0,0,0
3,268,195,176,176,-11,-18,100,0,0,0,0,0,0,0,0,0,0
4,263,192,187,187,-11,-19,100,0,0,0,0,0,0,0,0,0,0
5,264,200,173,173,-9,-19,100,0,0,0,0,0,0,0,0,0,0
6,263,196,174,174,-9,-18,100,0,0,0,0,0,0,0,0,0,0
7,253,186,183,183,-8,-15,100,0,0,0,0,0,0,0,0,0,0
8,257,191,174,174,-8,-16,100,0,0,0,0,0,0,0,0,0,0
9,252,182,180,180,-7,-13,100,0,0,0,0,0,0,0,0,0,0
10,257,184,167,167,-6,-11,100,0,0,0,0,0,0,0,0,0,0
11,254,181,168,168,-6,-10,100,0,0,0,0,0,0,0,0,0,0
12,255,170,173,173,-7,-7,100,0,0,0,0,0,0,0,0,0,0
13,254,166,168,168,-6,-4,100,0,0,0,0,0,0,0,0,0,0
14,260,167,164,164,-7,-4,100,0,0,0,0,0,0,0,0,0,0
15,254,171,159,159,-4,-4,-99,0,0,0,0,0,0,0,0,0,0
16,246,169,161,161,-2,-4,100,0,0,0,0,0,0,0,0,0,0
17,233,164,167,167,1,-3,100,0,0,0,0,0,0,0,0,0,0
18,218,166,170,170,5,-5,100,0,0,0,0,0,0,0,0,0,0
19,218,163,174,174,5,-4,100,0,0,0,0,0,0,0,0,0,0
20,226,164,166,166,3,-3,100,0,0,0,0,0,0,0,0,0,0
21,226,167,161,161,4,-3,100,0,0,0,0,0,0,0,0,0,0
22,220,170,168,168,5,-6,100,0,0,0,0,0,0,0,0,0,0
23,241,187,160,160,0,-11,100,0,0,0,0,0,0,0,0,0,0
24,25,221,59,59,83,-4,26,0,0,0,0,0,0,0,0,0,0
25,256,185,153,153,-4,-9,-91,0,0,0,0,0,0,0,0,0,0
26,252,178,158,158,-3,-7,-98,0,0,0,0,0,0,0,0,0,0
27,248,173,165,165,-3,-6,100,0,0,0,0,0,0,0,0,0,0
28,248,169,168,168,-4,-5,100,0,0,0,0,0,0,0,0,0,0
29,252,172,164,164,-4,-6,100,0,0,0,0,0,0,0,0,0,0
30,253,171,165,165,-5,-5,100,0,0,0,0,0,0,0,0,0,0
31,254,170,169,169,-6,-6,100,0,0,0,0,0,0,0,0,0,0
32,255,170,170,170,-6,-6,100,0,0,0,0,0,0,0,0,0,0
33,258,171,168,168,-7,-6,100,0,0,0,0,0,0,0,0,0,0
34,262,173,164,164,-8,-6,100,0,0,0,0,0,0,0,0,0,0
35,263,171,167,167,-8,-6,100,0,0,0,0,0,0,0,0,0,0
36,261,167,172,172,-8,-5,100,0,0,0,0,0,0,0,0,0,0
37,269,172,166,166,-10,-6,100,0,0,0,0,0,0,0,0,0,0
38,271,172,165,165,-10,-6,100,0,0,0,0,0,0,0,0,0,0
39,279,176,157,157,-12,-6,-96,0,0,0,0,0,0,0,0,0,0
40,288,178,158,158,-15,-7,-98,0,0,0,0,0,0,0,0,0,0
41,290,177,160,160,-16,-7,100,0,0,0,0,0,0,0,0,0,0
42,293,181,154,154,-16,-8,-92,0,0,0,0,0,0,0,0,0,0
43,286,178,160,160,-14,-8,100,0,0,0,0,0,0,0,0,0,0
44,281,172,162,162,-13,-5,100,0,0,0,0,0,0,0,0,0,0
45,282,175,153,153,-12,-5,-91,0,0,0,0,0,0,0,0,0,0
46,280,175,153,153,-11,-5,-91,0,0,0,0,0,0,0,0,0,0
47,276,171,158,158,-11,-4,-98,0,0,0,0,0,0,0,0,0,0
48,274,170,160,160,-11,-4,100,0,0,0,0,0,0,0,0,0,0
49,275,172,155,155,-10,-4,-94,0,0,0,0,0,0,0,0,0,0
50,272,168,163,163,-10,-4,100,0,0,0,0,0,0,0,0,0,0
51,272,170,165,165,-11,-5,100,0,0,0,0,0,0,0,0,0,0
52,274,173,162,162,-11,-6,100,0,0,0,0,0,0,0,0,0,0
53,279,179,161,161,-12,-8,100,0,0,0,0,0,0,0,0,0,0
54,279,179,163,163,-12,-8,100,0,0,0,0,0,0,0,0,0,0
55,278,180,165,165,-12,-9,100,0,0,0,0,0,0,0,0,0,0
56,280,183,157,157,-12,-9,-96,0,0,0,0,0,0,0,0,0,0
57,275,182,164,164,-12,-10,100,0,0,0,0,0,0,0,0,0,0
58,275,180,160,160,-11,-8,100,0,0,0,0,0,0,0,0,0,0
59,274,182,161,161,-11,-9,100,0,0,0,0,0,0,0,0,0,0
60,275,181,161,161,-11,-9,100,0,0,0,0,0,0,0,0,0,0
61,274,180,166,166,-12,-10,100,0,0,0,0,0,0,0,0,0,0
62,279,184,162,162,-12,-10,100,0,0,0,0,0,0,0,0,0,0
63,277,183,163,163,-12,-10,100,0,0,0,0,0,0,0,0,0,0
64,278,181,164,164,-12,-10,100,0,0,0,0,0,0,0,0,0,0
65,277,181,164,164,-12,-10,100,0,0,0,0,0,0,0,0,0,0
66,274,173,172,172,-12,-8,100,0,0,0,0,0,0,0,0,0,0
67,280,165,170,170,-14,-4,100,0,0,0,0,0,0,0,0,0,0
68,424,406,57,57,-41,-81,29,0,0,0,0,0,0,0,0,0,0
69,284,164,167,167,-15,-3,100,0,0,0,0,0,0,0,0,0,0
70,286,163,168,168,-16,-3,100,0,0,0,0,0,0,0,0,0,0
71,287,163,168,168,-16,-3,100,0,0,0,0,0,0,0,0,0,0
72,287,171,164,164,-15,-5,100,0,0,0,0,0,0,0,0,0,0
73,287,170,162,162,-15,-5,100,0,0,0,0,0,0,0,0,0,0
74,289,170,153,153,-14,-2,-91,0,0,0,0,0,0,0,0,0,0
75,286,167,156,156,-14,-2,-95,0,0,0,0,0,0,0,0,0,0
76,290,167,145,145,-13,0,-81,0,0,0,0,0,0,0,0,0,0
77,286,160,148,148,-12,2,-85,0,0,0,0,0,0,0,0,0,0
78,282,159,146,146,-11,3,-82,0,0,0,0,0,0,0,0,0,0
79,284,160,140,140,-11,4,-75,0,0,0,0,0,0,0,0,0,0
80,283,157,141,141,-10,5,-76,0,0,0,0,0,0,0,0,0,0
81,283,157,141,141,-10,5,-76,0,0,0,0,0,0,0,0,0,0
82,283,157,139,139,-10,6,-74,0,0,0,0,0,0,0,0,0,0
83,285,157,139,139,-11,6,-74,0,0,0,0,0,0,0,0,0,0
84,288,159,139,139,-12,5,-74,0,0,0,0,0,0,0,0,0,0
85,287,160,143,143,-12,4,-79,0,0,0,0,0,0,0,0,0,0
86,286,165,146,146,-12,1,-82,0,0,0,0,0,0,0,0,0,0
87,273,168,171,171,-12,-5,100,0,0,0,0,0,0,0,0,0,0
88,271,170,173,173,-12,-7,100,0,0,0,0,0,0,0,0,0,0
89,272,170,174,174,-12,-7,100,0,0,0,0,0,0,0,0,0,0
90,271,167,178,178,-12,-7,100,0,0,0,0,0,0,0,0,0,0
91,264,155,191,191,-12,-4,100,0,0,0,0,0,0,0,0,0,0
92,254,145,204,204,-11,-3,100,0,0,0,0,0,0,0,0,0,0
93,254,145,204,204,-11,-3,100,0,0,0,0,0,0,0,0,0,0
94,247,142,212,212,-10,-3,100,0,0,0,0,0,0,0,0,0,0
95,238,140,225,225,-9,-5,100,0,0,0,0,0,0,0,0,0,0
96,227,142,236,236,-8,-8,100,0,0,0,0,0,0,0,0,0,0
97,219,135,241,241,-6,-6,100,0,0,0,0,0,0,0,0,0,0
98,208,133,255,255,-5,-8,100,0,0,0,0,0,0,0,0,0,0
99,206,137,238,238,-2,-7,100,0,0,0,0,0,0,0,0,0,0
100,169,123,262,262,6,-6,100,0,0,0,0,0,0,0,0,0,0
101,157,128,250,250,12,-5,100,0,0,0,0,0,0,0,0,0,0
102,138,130,248,248,18,-6,100,0,0,0,0,0,0,0,0,0,0
103,118,128,253,253,24,-6,100,0,0,0,0,0,0,0,0,0,0
104,110,138,235,235,29,-6,100,0,0,0,0,0,0,0,0,0,0
105,84,132,237,237,37,-4,100,0,0,0,0,0,0,0,0,0,0
106,85,137,218,218,39,-2,100,0,0,0,0,0,0,0,0,0,0
107,90,135,210,210,39,0,100,0,0,0,0,0,0,0,0,0,0
108,93,137,202,202,39,1,100,0,0,0,0,0,0,0,0,0,0
109,117,137,179,179,36,6,100,0,0,0,0,0,0,0,0,0,0
110,130,140,172,172,32,6,100,0,0,0,0,0,0,0,0,0,0
111,144,142,162,162,30,7,100,0,0,0,0,0,0,0,0,0,0
112,157,143,159,159,26,8,-99,0,0,0,0,0,0,0,0,0,0
113,174,144,153,153,22,8,-91,0,0,0,0,0,0,0,0,0,0
114,207,147,148,148,12,8,-85,0,0,0,0,0,0,0,0,0,0
115,226,150,143,143,7,8,-79,0,0,0,0,0,0,0,0,0,0
116,250,154,128,128,2,9,-60,0,0,0,0,0,0,0,0,0,0
117,269,149,125,125,-3,12,-56,0,0,0,0,0,0,0,0,0,0
118,296,144,128,128,-12,13,-60,0,0,0,0,0,0,0,0,0,0
119,307,142,131,131,-16,14,-64,0,0,0,0,0,0,0,0,0,0
120,315,146,131,131,-19,12,-64,0,0,0,0,0,0,0,0,0,0
121,324,145,131,131,-22,12,-64,0,0,0,0,0,0,0,0,0,0
122,333,150,126,126,-24,11,-57,0,0,0,0,0,0,0,0,0,0
123,338,154,126,126,-25,10,-57,0,0,0,0,0,0,0,0,0,0
124,333,154,129,129,-24,9,-61,0,0,0,0,0,0,0,0,0,0
125,330,154,130,130,-23,9,-62,0,0,0,0,0,0,0,0,0,0
126,324,154,134,134,-22,8,-68,0,0,0,0,0,0,0,0,0,0
127,309,154,136,136,-18,8,-70,0,0,0,0,0,0,0,0,0,0
128,301,156,135,135,-15,7,-69,0,0,0,0,0,0,0,0,0,0
129,296,160,130,130,-13,6,-62,0,0,0,0,0,0,0,0,0,0
130,290,160,129,129,-11,7,-61,0,0,0,0,0,0,0,0,0,0
131,283,161,130,130,-9,6,-62,0,0,0,0,0,0,0,0,0,0
132,277,164,124,124,-6,6,-55,0,0,0,0,0,0,0,0,0,0
133,274,165,124,124,-5,5,-55,0,0,0,0,0,0,0,0,0,0
134,271,167,124,124,-4,5,-55,0,0,0,0,0,0,0,0,0,0
135,269,169,123,123,-3,4,-54,0,0,0,0,0,0,0,0,0,0
136,263,171,132,132,-3,1,-65,0,0,0,0,0,0,0,0,0,0
137,266,174,128,128,-3,1,-60,0,0,0,0,0,0,0,0,0,0
138,267,174,129,129,-3,1,-61,0,0,0,0,0,0,0,0,0,0
139,264,171,139,139,-4,0,-74,0,0,0,0,0,0,0,0,0,0
140,272,174,130,130,-5,0,-62,0,0,0,0,0,0,0,0,0,0
141,274,172,132,132,-6,1,-65,0,0,0,0,0,0,0,0,0,0
142,276,171,132,132,-7,1,-65,0,0,0,0,0,0,0,0,0,0
143,277,171,130,130,-7,2,-62,0,0,0,0,0,0,0,0,0,0
144,278,170,132,132,-8,2,-65,0,0,0,0,0,0,0,0,0,0
145,280,169,130,130,-8,2,-62,0,0,0,0,0,0,0,0,0,0
146,280,170,130,130,-8,2,-62,0,0,0,0,0,0,0,0,0,0
147,281,171,129,129,-8,2,-61,0,0,0,0,0,0,0,0,0,0
148,278,168,133,133,-8,2,-66,0,0,0,0,0,0,0,0,0,0
149,281,169,131,131,-8,2,-64,0,0,0,0,0,0,0,0,0,0
150,278,167,133,133,-8,3,-66,0,0,0,0,0,0,0,0,0,0
151,277,167,133,133,-7,3,-66,0,0,0,0,0,0,0,0,0,0
152,278,168,134,134,-8,2,-68,0,0,0,0,0,0,0,0,0,0
153,282,170,128,128,-8,2,-60,0,0,0,0,0,0,0,0,0,0
154,281,168,132,132,-8,2,-65,0,0,0,0,0,0,0,0,0,0
155,279,169,132,132,-8,2,-65,0,0,0,0,0,0,0,0,0,0
156,278,168,134,134,-8,2,-68,0,0,0,0,0,0,0,0,0,0
157,280,168,131,131,-8,3,-64,0,0,0,0,0,0,0,0,0,0
158,278,165,136,136,-8,3,-70,0,0,0,0,0,0,0,0,0,0
159,279,166,134,134,-8,3,-68,0,0,0,0,0,0,0,0,0,0
160,279,167,133,133,-8,3,-66,0,0,0,0,0,0,0,0,0,0
161,278,168,133,133,-8,2,-66,0,0,0,0,0,0,0,0,0,0
162,278,168,134,134,-8,2,-68,0,0,0,0,0,0,0,0,0,0
163,278,167,132,132,-8,3,-65,0,0,0,0,0,0,0,0,0,0
164,275,164,138,138,-8,3,-72,0,0,0,0,0,0,0,0,0,0
165,275,165,138,138,-8,2,-72,0,0,0,0,0,0,0,0,0,0
166,277,165,136,136,-8,3,-70,0,0,0,0,0,0,0,0,0,0
0,302,211,152,152,-18,-20,-90,0,0,0,0,0,0,0,0,0,0
1,300,210,157,157,-18,-20,-96,0,0,0,0,0,0,0,0,0,0
2,298,208,156,156,-18,-19,-95,0,0,0,0,0,0,0,0,0,0
3,298,207,155,155,-17,-18,-94,0,0,0,0,0,0,0,0,0,0
4,298,207,155,155,-17,-18,-94,0,0,0,0,0,0,0,0,0,0
5,299,208,155,155,-18,-19,-94,0,0,0,0,0,0,0,0,0,0
6,298,207,157,157,-18,-19,-96,0,0,0,0,0,0,0,0,0,0
7,296,205,160,160,-18,-19,100,0,0,0,0,0,0,0,0,0,0
8,293,203,166,166,-18,-19,100,0,0,0,0,0,0,0,0,0,0
9,290,201,168,168,-17,-19,100,0,0,0,0,0,0,0,0,0,0
10,295,204,161,161,-17,-18,100,0,0,0,0,0,0,0,0,0,0
11,294,203,162,162,-17,-18,100,0,0,0,0,0,0,0,0,0,0
12,297,204,160,160,-18,-18,100,0,0,0,0,0,0,0,0,0,0
13,295,205,162,162,-18,-19,100,0,0,0,0,0,0,0,0,0,0
14,294,202,165,165,-18,-18,100,0,0,0,0,0,0,0,0,0,0
15,296,204,161,161,-18,-18,100,0,0,0,0,0,0,0,0,0,0
16,294,202,164,164,-18,-18,100,0,0,0,0,0,0,0,0,0,0
17,294,202,165,165,-18,-18,100,0,0,0,0,0,0,0,0,0,0
18,295,204,162,162,-18,-19,100,0,0,0,0,0,0,0,0,0,0
19,291,201,170,170,-18,-19,100,0,0,0,0,0,0,0,0,0,0
20,293,203,164,164,-17,-19,100,0,0,0,0,0,0,0,0,0,0
21,293,202,166,166,-18,-19,100,0,0,0,0,0,0,0,0,0,0
22,294,202,165,165,-18,-18,100,0,0,0,0,0,0,0,0,0,0
23,295,203,163,163,-18,-18,100,0,0,0,0,0,0,0,0,0,0
24,295,203,164,164,-18,-19,100,0,0,0,0,0,0,0,0,0,0
25,296,205,160,160,-18,-19,100,0,0,0,0,0,0,0,0,0,0
26,296,204,160,160,-18,-18,100,0,0,0,0,0,0,0,0,0,0
27,291,201,169,169,-17,-19,100,0,0,0,0,0,0,0,0,0,0
28,295,205,161,161,-17,-19,100,0,0,0,0,0,0,0,0,0,0
29,295,205,159,159,-17,-18,-99,0,0,0,0,0,0,0,0,0,0
30,296,206,159,159,-17,-19,-99,0,0,0,0,0,0,0,0,0,0
31,292,203,163,163,-17,-18,100,0,0,0,0,0,0,0,0,0,0
32,294,204,160,160,-17,-18,100,0,0,0,0,0,0,0,0,0,0
33,286,200,168,168,-16,-18,100,0,0,0,0,0,0,0,0,0,0
34,283,197,170,170,-15,-18,100,0,0,0,0,0,0,0,0,0,0
35,278,197,166,166,-13,-17,100,0,0,0,0,0,0,0,0,0,0
36,268,196,167,167,-10,-16,100,0,0,0,0,0,0,0,0,0,0
37,247,196,164,164,-3,-16,100,0,0,0,0,0,0,0,0,0,0
38,235,190,170,170,0,-15,100,0,0,0,0,0,0,0,0,0,0
39,226,186,174,174,2,-14,100,0,0,0,0,0,0,0,0,0,0
40,222,190,167,167,5,-14,100,0,0,0,0,0,0,0,0,0,0
41,214,188,169,169,7,-13,100,0,0,0,0,0,0,0,0,0,0
42,202,188,170,170,10,-14,100,0,0,0,0,0,0,0,0,0,0
43,202,191,164,164,11,-14,100,0,0,0,0,0,0,0,0,0,0
44,200,191,161,161,12,-13,100,0,0,0,0,0,0,0,0,0,0
45,200,191,161,161,12,-13,100,0,0,0,0,0,0,0,0,0,0
46,198,187,167,167,12,-12,100,0,0,0,0,0,0,0,0,0,0
47,203,185,168,168,10,-12,100,0,0,0,0,0,0,0,0,0,0
48,210,186,166,166,8,-12,100,0,0,0,0,0,0,0,0,0,0
49,215,185,165,165,7,-11,100,0,0,0,0,0,0,0,0,0,0
50,220,184,167,167,5,-11,100,0,0,0,0,0,0,0,0,0,0
51,232,183,164,164,2,-10,100,0,0,0,0,0,0,0,0,0,0
52,235,180,166,166,1,-10,100,0,0,0,0,0,0,0,0,0,0
53,243,181,160,160,-1,-9,100,0,0,0,0,0,0,0,0,0,0
54,247,179,160,160,-2,-8,100,0,0,0,0,0,0,0,0,0,0
55,255,180,154,154,-4,-7,-92,0,0,0,0,0,0,0,0,0,0
56,257,176,155,155,-4,-5,-94,0,0,0,0,0,0,0,0,0,0
57,259,172,158,158,-6,-5,-98,0,0,0,0,0,0,0,0,0,0
58,266,172,156,156,-8,-4,-95,0,0,0,0,0,0,0,0,0,0
59,270,170,155,155,-8,-3,-94,0,0,0,0,0,0,0,0,0,0
60,278,170,151,151,-10,-2,-89,0,0,0,0,0,0,0,0,0,0
61,285,168,153,153,-13,-2,-91,0,0,0,0,0,0,0,0,0,0
62,286,166,156,156,-14,-2,-95,0,0,0,0,0,0,0,0,0,0
63,290,167,156,156,-15,-2,-95,0,0,0,0,0,0,0,0,0,0
64,293,168,154,154,-16,-2,-92,0,0,0,0,0,0,0,0,0,0
65,297,170,153,153,-17,-2,-91,0,0,0,0,0,0,0,0,0,0
66,296,169,155,155,-17,-2,-94,0,0,0,0,0,0,0,0,0,0
67,294,168,158,158,-17,-3,-98,0,0,0,0,0,0,0,0,0,0
68,293,168,162,162,-17,-4,100,0,0,0,0,0,0,0,0,0,0
69,298,172,157,157,-18,-4,-96,0,0,0,0,0,0,0,0,0,0
70,293,169,163,163,-17,-4,100,0,0,0,0,0,0,0,0,0,0
71,296,169,161,161,-18,-4,100,0,0,0,0,0,0,0,0,0,0
72,296,171,159,159,-17,-4,-99,0,0,0,0,0,0,0,0,0,0
73,293,169,164,164,-17,-5,100,0,0,0,0,0,0,0,0,0,0
74,295,171,160,160,-17,-5,100,0,0,0,0,0,0,0,0,0,0
75,297,173,153,153,-17,-4,-91,0,0,0,0,0,0,0,0,0,0
76,293,166,164,164,-17,-3,100,0,0,0,0,0,0,0,0,0,0
77,293,169,162,162,-17,-4,100,0,0,0,0,0,0,0,0,0,0
78,294,171,158,158,-17,-4,-98,0,0,0,0,0,0,0,0,0,0
79,295,171,158,158,-17,-4,-98,0,0,0,0,0,0,0,0,0,0
80,297,171,158,158,-18,-4,-98,0,0,0,0,0,0,0,0,0,0
81,295,169,160,160,-17,-4,100,0,0,0,0,0,0,0,0,0,0
82,298,171,157,157,-18,-4,-96,0,0,0,0,0,0,0,0,0,0
83,296,169,159,159,-17,-3,-99,0,0,0,0,0,0,0,0,0,0
84,299,173,154,154,-18,-4,-92,0,0,0,0,0,0,0,0,0,0
85,295,171,159,159,-17,-4,-99,0,0,0,0,0,0,0,0,0,0
86,297,172,158,158,-18,-5,-98,0,0,0,0,0,0,0,0,0,0
87,295,172,159,159,-17,-5,-99,0,0,0,0,0,0,0,0,0,0
88,295,172,159,159,-17,-5,-99,0,0,0,0,0,0,0,0,0,0
89,293,170,163,163,-17,-5,100,0,0,0,0,0,0,0,0,0,0
90,295,172,157,157,-17,-4,-96,0,0,0,0,0,0,0,0,0,0
91,296,172,158,158,-17,-5,-98,0,0,0,0,0,0,0,0,0,0
92,296,173,158,158,-17,-5,-98,0,0,0,0,0,0,0,0,0,0
93,293,172,159,159,-16,-5,-99,0,0,0,0,0,0,0,0,0,0
94,296,173,159,159,-17,-5,-99,0,0,0,0,0,0,0,0,0,0
95,299,174,154,154,-18,-5,-92,0,0,0,0,0,0,0,0,0,0
96,299,174,156,156,-18,-5,-95,0,0,0,0,0,0,0,0,0,0
97,301,174,156,156,-18,-5,-95,0,0,0,0,0,0,0,0,0,0
98,306,175,154,154,-20,-5,-92,0,0,0,0,0,0,0,0,0,0
99,313,176,154,154,-22,-5,-92,0,0,0,0,0,0,0,0,0,0
100,316,178,153,153,-22,-6,-91,0,0,0,0,0,0,0,0,0,0
101,321,180,149,149,-23,-6,-86,0,0,0,0,0,0,0,0,0,0
102,326,182,144,144,-24,-6,-80,0,0,0,0,0,0,0,0,0,0
103,328,182,145,145,-25,-6,-81,0,0,0,0,0,0,0,0,0,0
104,329,181,146,146,-26,-6,-82,0,0,0,0,0,0,0,0,0,0
105,331,181,146,146,-26,-6,-82,0,0,0,0,0,0,0,0,0,0
106,326,179,152,152,-26,-6,-90,0,0,0,0,0,0,0,0,0,0
107,331,181,147,147,-26,-6,-84,0,0,0,0,0,0,0,0,0,0
108,327,181,152,152,-26,-7,-90,0,0,0,0,0,0,0,0,0,0
109,327,182,149,149,-25,-7,-86,0,0,0,0,0,0,0,0,0,0
110,329,183,148,148,-26,-7,-85,0,0,0,0,0,0,0,0,0,0
111,330,186,144,144,-26,-8,-80,0,0,0,0,0,0,0,0,0,0
112,325,183,151,151,-25,-8,-89,0,0,0,0,0,0,0,0,0,0
113,325,185,145,145,-24,-7,-81,0,0,0,0,0,0,0,0,0,0
114,328,187,142,142,-25,-8,-78,0,0,0,0,0,0,0,0,0,0
115,325,187,145,145,-24,-8,-81,0,0,0,0,0,0,0,0,0,0
116,328,190,141,141,-24,-8,-76,0,0,0,0,0,0,0,0,0,0
117,322,188,149,149,-24,-9,-86,0,0,0,0,0,0,0,0,0,0
118,322,187,152,152,-24,-10,-90,0,0,0,0,0,0,0,0,0,0
119,322,186,157,157,-25,-10,-96,0,0,0,0,0,0,0,0,0,0
120,324,187,153,153,-25,-10,-91,0,0,0,0,0,0,0,0,0,0
121,322,185,156,156,-25,-10,-95,0,0,0,0,0,0,0,0,0,0
122,324,186,156,156,-26,-10,-95,0,0,0,0,0,0,0,0,0,0
123,328,186,154,154,-27,-10,-92,0,0,0,0,0,0,0,0,0,0
124,328,189,151,151,-26,-10,-89,0,0,0,0,0,0,0,0,0,0
125,322,188,156,156,-25,-11,-95,0,0,0,0,0,0,0,0,0,0
126,321,186,160,160,-25,-11,100,0,0,0,0,0,0,0,0,0,0
127,324,191,151,151,-25,-11,-89,0,0,0,0,0,0,0,0,0,0
128,322,187,157,157,-25,-10,-96,0,0,0,0,0,0,0,0,0,0
129,325,189,152,152,-25,-10,-90,0,0,0,0,0,0,0,0,0,0
130,327,189,152,152,-26,-10,-90,0,0,0,0,0,0,0,0,0,0
131,321,186,159,159,-25,-10,-99,0,0,0,0,0,0,0,0,0,0
132,319,184,161,161,-25,-10,100,0,0,0,0,0,0,0,0,0,0
133,318,186,162,162,-25,-11,100,0,0,0,0,0,0,0,0,0,0
134,318,189,154,154,-23,-11,-92,0,0,0,0,0,0,0,0,0,0
135,318,189,156,156,-24,-11,-95,0,0,0,0,0,0,0,0,0,0
136,321,191,150,150,-24,-11,-88,0,0,0,0,0,0,0,0,0,0
137,324,192,147,147,-24,-10,-84,0,0,0,0,0,0,0,0,0,0
138,327,194,143,143,-24,-10,-79,0,0,0,0,0,0,0,0,0,0
139,324,191,149,149,-24,-10,-86,0,0,0,0,0,0,0,0,0,0
140,335,198,132,132,-25,-10,-65,0,0,0,0,0,0,0,0,0,0
141,333,196,138,138,-26,-10,-72,0,0,0,0,0,0,0,0,0,0
142,328,195,142,142,-25,-11,-78,0,0,0,0,0,0,0,0,0,0
143,324,191,152,152,-25,-11,-90,0,0,0,0,0,0,0,0,0,0
144,325,195,147,147,-24,-12,-84,0,0,0,0,0,0,0,0,0,0
145,317,198,147,147,-22,-13,-84,0,0,0,0,0,0,0,0,0,0
146,303,200,152,152,-18,-15,-90,0,0,0,0,0,0,0,0,0,0
147,295,199,160,160,-17,-16,100,0,0,0,0,0,0,0,0,0,0
148,300,203,148,148,-17,-15,-85,0,0,0,0,0,0,0,0,0,0
149,298,201,154,154,-17,-16,-92,0,0,0,0,0,0,0,0,0,0
150,301,198,153,153,-18,-14,-91,0,0,0,0,0,0,0,0,0,0
151,301,195,148,148,-17,-12,-85,0,0,0,0,0,0,0,0,0,0
152,301,194,149,149,-17,-12,-86,0,0,0,0,0,0,0,0,0,0
153,293,190,158,158,-16,-12,-98,0,0,0,0,0,0,0,0,0,0
154,292,192,154,154,-15,-12,-92,0,0,0,0,0,0,0,0,0,0
155,293,188,157,157,-16,-11,-96,0,0,0,0,0,0,0,0,0,0
156,297,190,151,151,-16,-10,-89,0,0,0,0,0,0,0,0,0,0
157,295,190,153,153,-16,-11,-91,0,0,0,0,0,0,0,0,0,0
158,298,191,150,150,-17,-11,-88,0,0,0,0,0,0,0,0,0,0
159,297,190,152,152,-17,-11,-90,0,0,0,0,0,0,0,0,0,0
160,299,191,152,152,-17,-11,-90,0,0,0,0,0,0,0,0,0,0
161,300,191,153,153,-18,-11,-91,0,0,0,0,0,0,0,0,0,0
162,300,190,153,153,-18,-11,-91,0,0,0,0,0,0,0,0,0,0
163,299,190,153,153,-17,-11,-91,0,0,0,0,0,0,0,0,0,0
164,302,192,149,149,-18,-11,-86,0,0,0,0,0,0,0,0,0,0
165,302,191,149,149,-18,-10,-86,0,0,0,0,0,0,0,0,0,0
166,302,190,151,151,-18,-10,-89,0,0,0,0,0,0,0,0,0,0
167,303,191,148,148,-18,-10,-85,0,0,0,0,0,0,0,0,0,0
168,301,189,153,153,-18,-10,-91,0,0,0,0,0,0,0,0,0,0
169,303,190,149,149,-18,-10,-86,0,0,0,0,0,0,0,0,0,0
170,298,186,158,158,-18,-10,-98,0,0,0,0,0,0,0,0,0,0
171,300,190,152,152,-18,-11,-90,0,0,0,0,0,0,0,0,0,0
172,300,188,155,155,-18,-10,-94,0,0,0,0,0,0,0,0,0,0
173,300,188,154,154,-18,-10,-92,0,0,0,0,0,0,0,0,0,0
174,302,190,152,152,-18,-11,-90,0,0,0,0,0,0,0,0,0,0
175,300,188,154,154,-18,-10,-92,0,0,0,0,0,0,0,0,0,0
176,301,190,152,152,-18,-11,-90,0,0,0,0,0,0,0,0,0,0
177,301,190,153,153,-18,-11,-91,0,0,0,0,0,0,0,0,0,0
178,301,191,151,151,-18,-11,-89,0,0,0,0,0,0,0,0,0,0
179,301,192,150,150,-18,-11,-88,0,0,0,0,0,0,0,0,0,0
180,300,189,154,154,-18,-11,-92,0,0,0,0,0,0,0,0,0,0
181,298,189,156,156,-18,-11,-95,0,0,0,0,0,0,0,0,0,0
182,300,191,154,154,-18,-12,-92,0,0,0,0,0,0,0,0,0,0
183,302,190,154,154,-18,-11,-92,0,0,0,0,0,0,0,0,0,0
184,302,190,157,157,-19,-12,-96,0,0,0,0,0,0,0,0,0,0
185,308,193,148,148,-19,-11,-85,0,0,0,0,0,0,0,0,0,0
186,304,190,154,154,-19,-11,-92,0,0,0,0,0,0,0,0,0,0
187,308,190,154,154,-20,-11,-92,0,0,0,0,0,0,0,0,0,0
188,307,190,154,154,-20,-11,-92,0,0,0,0,0,0,0,0,0,0
189,312,193,149,149,-21,-11,-86,0,0,0,0,0,0,0,0,0,0
190,309,190,152,152,-20,-11,-90,0,0,0,0,0,0,0,0,0,0
191,308,191,153,153,-20,-11,-91,0,0,0,0,0,0,0,0,0,0
192,310,193,150,150,-20,-12,-88,0,0,0,0,0,0,0,0,0,0
193,308,192,150,150,-20,-11,-88,0,0,0,0,0,0,0,0,0,0
194,306,189,156,156,-20,-11,-95,0,0,0,0,0,0,0,0,0,0
195,308,192,152,152,-20,-12,-90,0,0,0,0,0,0,0,0,0,0
196,312,195,146,146,-20,-12,-82,0,0,0,0,0,0,0,0,0,0
197,308,193,151,151,-20,-12,-89,0,0,0,0,0,0,0,0,0,0
198,310,193,149,149,-20,-11,-86,0,0,0,0,0,0,0,0,0,0
199,311,193,150,150,-21,-12,-88,0,0,0,0,0,0,0,0,0,0
200,311,193,149,149,-20,-11,-86,0,0,0,0,0,0,0,0,0,0
201,310,193,150,150,-20,-12,-88,0,0,0,0,0,0,0,0,0,0
202,308,192,152,152,-20,-12,-90,0,0,0,0,0,0,0,0,0,0
203,305,189,156,156,-20,-11,-95,0,0,0,0,0,0,0,0,0,0
204,307,189,155,155,-20,-11,-94,0,0,0,0,0,0,0,0,0,0
205,307,190,151,151,-19,-10,-89,0,0,0,0,0,0,0,0,0,0
206,304,187,157,157,-19,-10,-96,0,0,0,0,0,0,0,0,0,0
207,305,188,154,154,-19,-10,-92,0,0,0,0,0,0,0,0,0,0
208,296,184,161,161,-18,-10,100,0,0,0,0,0,0,0,0,0,0
209,278,183,160,160,-12,-10,100,0,0,0,0,0,0,0,0,0,0
0,328,206,154,154,-27,-18,-92,0,0,0,0,0,0,0,0,0,0
1,332,210,150,150,-27,-19,-88,0,0,0,0,0,0,0,0,0,0
2,332,209,153,153,-28,-19,-91,0,0,0,0,0,0,0,0,0,0
3,327,206,157,157,-27,-18,-96,0,0,0,0,0,0,0,0,0,0
4,330,209,150,150,-27,-18,-88,0,0,0,0,0,0,0,0,0,0
5,319,199,168,168,-26,-18,100,0,0,0,0,0,0,0,0,0,0
6,325,205,156,156,-26,-18,-95,0,0,0,0,0,0,0,0,0,0
7,326,209,154,154,-26,-19,-92,0,0,0,0,0,0,0,0,0,0
8,319,203,164,164,-25,-19,100,0,0,0,0,0,0,0,0,0,0
9,322,205,158,158,-25,-18,-98,0,0,0,0,0,0,0,0,0,0
10,324,204,155,155,-25,-17,-94,0,0,0,0,0,0,0,0,0,0
11,318,202,165,165,-25,-18,100,0,0,0,0,0,0,0,0,0,0
12,317,200,167,167,-25,-18,100,0,0,0,0,0,0,0,0,0,0
13,318,205,161,161,-24,-19,100,0,0,0,0,0,0,0,0,0,0
14,318,202,164,164,-25,-18,100,0,0,0,0,0,0,0,0,0,0
15,316,200,166,166,-25,-18,100,0,0,0,0,0,0,0,0,0,0
16,331,208,146,146,-26,-17,-82,0,0,0,0,0,0,0,0,0,0
17,332,211,143,143,-26,-18,-79,0,0,0,0,0,0,0,0,0,0
18,330,206,153,153,-27,-18,-91,0,0,0,0,0,0,0,0,0,0
19,333,209,147,147,-27,-18,-84,0,0,0,0,0,0,0,0,0,0
20,329,206,150,150,-26,-17,-88,0,0,0,0,0,0,0,0,0,0
21,327,205,153,153,-26,-17,-91,0,0,0,0,0,0,0,0,0,0
22,334,210,144,144,-27,-18,-80,0,0,0,0,0,0,0,0,0,0
23,328,203,154,154,-27,-17,-92,0,0,0,0,0,0,0,0,0,0
24,317,197,160,160,-24,-15,100,0,0,0,0,0,0,0,0,0,0
25,312,196,159,159,-22,-15,-99,0,0,0,0,0,0,0,0,0,0
26,306,196,156,156,-20,-14,-95,0,0,0,0,0,0,0,0,0,0
27,289,189,166,166,-16,-13,100,0,0,0,0,0,0,0,0,0,0
28,267,186,170,170,-10,-13,100,0,0,0,0,0,0,0,0,0,0
29,257,185,169,169,-7,-12,100,0,0,0,0,0,0,0,0,0,0
30,242,178,176,176,-3,-11,100,0,0,0,0,0,0,0,0,0,0
31,235,179,172,172,0,-10,100,0,0,0,0,0,0,0,0,0,0
32,225,174,174,174,2,-9,100,0,0,0,0,0,0,0,0,0,0
33,221,173,168,168,5,-7,100,0,0,0,0,0,0,0,0,0,0
34,219,173,161,161,7,-5,100,0,0,0,0,0,0,0,0,0,0
35,208,167,166,166,9,-4,100,0,0,0,0,0,0,0,0,0,0
36,201,168,161,161,12,-3,100,0,0,0,0,0,0,0,0,0,0
37,194,167,162,162,14,-3,100,0,0,0,0,0,0,0,0,0,0
38,173,166,159,159,21,-2,-99,0,0,0,0,0,0,0,0,0,0
39,165,167,158,158,24,-2,-98,0,0,0,0,0,0,0,0,0,0
40,158,163,164,164,25,-2,100,0,0,0,0,0,0,0,0,0,0
41,157,166,158,158,26,-2,-98,0,0,0,0,0,0,0,0,0,0
42,156,166,155,155,27,-1,-94,0,0,0,0,0,0,0,0,0,0
43,166,163,158,158,23,-1,-98,0,0,0,0,0,0,0,0,0,0
44,180,163,154,154,20,0,-92,0,0,0,0,0,0,0,0,0,0
45,197,162,154,154,14,0,-92,0,0,0,0,0,0,0,0,0,0
46,216,161,153,153,9,1,-91,0,0,0,0,0,0,0,0,0,0
47,254,159,157,157,-4,1,-96,0,0,0,0,0,0,0,0,0,0
48,281,164,151,151,-11,0,-89,0,0,0,0,0,0,0,0,0,0
49,305,165,152,152,-19,0,-90,0,0,0,0,0,0,0,0,0,0
50,327,165,154,154,-26,-1,-92,0,0,0,0,0,0,0,0,0,0
51,351,170,153,153,-33,-2,-91,0,0,0,0,0,0,0,0,0,0
52,387,171,160,160,-46,-5,100,0,0,0,0,0,0,0,0,0,0
53,400,175,160,160,-50,-6,100,0,0,0,0,0,0,0,0,0,0
54,415,179,159,159,-54,-8,-99,0,0,0,0,0,0,0,0,0,0
55,426,182,155,155,-57,-8,-94,0,0,0,0,0,0,0,0,0,0
56,434,186,152,152,-59,-9,-90,0,0,0,0,0,0,0,0,0,0
57,434,185,152,152,-59,-9,-90,0,0,0,0,0,0,0,0,0,0
58,432,184,151,151,-58,-8,-89,0,0,0,0,0,0,0,0,0,0
59,424,179,155,155,-57,-7,-94,0,0,0,0,0,0,0,0,0,0
60,413,178,153,153,-53,-6,-91,0,0,0,0,0,0,0,0,0,0
61,391,172,151,151,-46,-3,-89,0,0,0,0,0,0,0,0,0,0
62,374,168,157,157,-41,-2,-96,0,0,0,0,0,0,0,0,0,0
63,363,169,145,145,-36,0,-81,0,0,0,0,0,0,0,0,0,0
64,347,169,144,144,-31,0,-80,0,0,0,0,0,0,0,0,0,0
65,303,165,151,151,-18,0,-89,0,0,0,0,0,0,0,0,0,0
66,288,166,146,146,-13,0,-82,0,0,0,0,0,0,0,0,0,0
67,266,167,151,151,-7,-1,-89,0,0,0,0,0,0,0,0,0,0
68,248,169,155,155,-2,-2,-94,0,0,0,0,0,0,0,0,0,0
69,227,169,159,159,4,-3,-99,0,0,0,0,0,0,0,0,0,0
70,195,171,164,164,13,-5,100,0,0,0,0,0,0,0,0,0,0
71,187,174,160,160,17,-6,100,0,0,0,0,0,0,0,0,0,0
72,179,177,160,160,19,-7,100,0,0,0,0,0,0,0,0,0,0
73,173,181,161,161,21,-9,100,0,0,0,0,0,0,0,0,0,0
74,174,179,157,157,21,-7,-96,0,0,0,0,0,0,0,0,0,0
75,183,178,155,155,19,-6,-94,0,0,0,0,0,0,0,0,0,0
76,195,180,147,147,16,-5,-84,0,0,0,0,0,0,0,0,0,0
77,206,175,156,156,11,-5,-95,0,0,0,0,0,0,0,0,0,0
78,220,173,157,157,7,-5,-96,0,0,0,0,0,0,0,0,0,0
79,262,174,149,149,-5,-3,-86,0,0,0,0,0,0,0,0,0,0
80,280,174,149,149,-11,-3,-86,0,0,0,0,0,0,0,0,0,0
81,293,171,161,161,-17,-5,100,0,0,0,0,0,0,0,0,0,0
82,315,174,157,157,-23,-5,-96,0,0,0,0,0,0,0,0,0,0
83,346,176,158,158,-33,-6,-98,0,0,0,0,0,0,0,0,0,0
84,368,183,148,148,-38,-7,-85,0,0,0,0,0,0,0,0,0,0
85,375,181,158,158,-42,-8,-98,0,0,0,0,0,0,0,0,0,0
86,391,185,152,152,-46,-9,-90,0,0,0,0,0,0,0,0,0,0
87,409,192,141,141,-50,-9,-76,0,0,0,0,0,0,0,0,0,0
88,414,187,154,154,-53,-10,-92,0,0,0,0,0,0,0,0,0,0
89,405,190,152,152,-50,-11,-90,0,0,0,0,0,0,0,0,0,0
90,391,190,158,158,-47,-12,-98,0,0,0,0,0,0,0,0,0,0
91,374,190,163,163,-42,-13,100,0,0,0,0,0,0,0,0,0,0
92,362,192,160,160,-38,-13,100,0,0,0,0,0,0,0,0,0,0
93,345,192,165,165,-33,-14,100,0,0,0,0,0,0,0,0,0,0
94,322,203,150,150,-24,-16,-88,0,0,0,0,0,0,0,0,0,0
95,308,197,154,154,-20,-14,-92,0,0,0,0,0,0,0,0,0,0
96,291,193,158,158,-16,-13,-98,0,0,0,0,0,0,0,0,0,0
97,282,194,156,156,-12,-13,-95,0,0,0,0,0,0,0,0,0,0
98,260,187,164,164,-7,-12,100,0,0,0,0,0,0,0,0,0,0
99,252,189,160,160,-4,-12,100,0,0,0,0,0,0,0,0,0,0
100,238,186,169,169,-1,-12,100,0,0,0,0,0,0,0,0,0,0
101,227,184,171,171,2,-12,100,0,0,0,0,0,0,0,0,0,0
102,222,189,162,162,5,-12,100,0,0,0,0,0,0,0,0,0,0
103,212,188,163,163,8,-12,100,0,0,0,0,0,0,0,0,0,0
104,205,187,166,166,10,-12,100,0,0,0,0,0,0,0,0,0,0
105,202,183,176,176,9,-13,100,0,0,0,0,0,0,0,0,0,0
106,212,190,162,162,8,-13,100,0,0,0,0,0,0,0,0,0,0
107,227,188,158,158,4,-11,-98,0,0,0,0,0,0,0,0,0,0
108,237,188,158,158,1,-11,-98,0,0,0,0,0,0,0,0,0,0
